timestamp,frame_num,robot_pos_x,robot_pos_y,robot_pos_z,robot_orient_w,robot_orient_x,robot_orient_y,robot_orient_z,object_pos_x,object_pos_y,object_pos_z,object_orient_w,object_orient_x,object_orient_y,object_orient_z,l1_distance_to_goal
0.000,0,-1.7048397,1.9969367,0.4713758,0.801447,-0.008405902,0.0019349633,-0.59800357,-0.3677656650543213,-3.1576595306396484,0.3004607856273651,0.9233699331721639,0.0,0.0,0.0,4.2771849124127845
0.472,1,-1.6970403,1.9797773,0.47232375,0.8003704,-0.0046490864,0.0044120275,-0.5994715,-0.3677656650543213,-3.1576595306396484,0.3004607856273651,0.9233699331721639,0.0,0.0,0.0,4.2771849124127845
0.747,2,-1.6821542,1.9412733,0.47450837,0.8078783,0.0071648257,0.0076019866,-0.5892569,-0.3677656650543213,-3.1576595306396484,0.3004607856273651,0.9233699331721639,0.0,0.0,0.0,4.2771849124127845
1.042,3,-1.6571991,1.8840299,0.47665638,0.82398766,0.009608705,0.005864258,-0.56649595,-0.3677656650543213,-3.1576595306396484,0.3004607856273651,0.9233699331721639,0.0,0.0,0.0,4.2771849124127845
1.315,4,-1.6039954,1.7932497,0.49375644,0.8562877,0.0018680539,0.005100345,-0.51647073,-0.3677656650543213,-3.1576595306396484,0.3004607856273651,0.9233699331721639,0.0,0.0,0.0,4.2771849124127845
1.619,5,-1.5268073,1.6808414,0.4932184,0.89572173,0.012183727,0.0072621414,-0.4443889,-0.3677656650543213,-3.1576595306396484,0.3004607856273651,0.9233699331721639,0.0,0.0,0.0,4.2771849124127845
1.885,6,-1.4263903,1.5686299,0.4907539,0.9204791,-0.015762104,0.0041248216,-0.390452,-0.3677656650543213,-3.1576595306396484,0.3004607856273651,0.9233699331721639,0.0,0.0,0.0,4.2771849124127845
2.150,7,-1.2960463,1.4456214,0.49785605,0.9274698,-0.015287742,0.013453973,-0.37334323,-0.3677656650543213,-3.1576595306396484,0.3004607856273651,0.9233699331721639,0.0,0.0,0.0,4.2771849124127845
2.422,8,-1.1680301,1.3332497,0.49952668,0.9209021,-0.010831254,-0.011601273,-0.38947093,-0.3677656650543213,-3.1576595306396484,0.3004607856273651,0.9233699331721639,0.0,0.0,0.0,4.2771849124127845
2.688,9,-1.0359558,1.2236261,0.49746856,0.90145797,-0.016158491,-0.028773863,-0.43160713,-0.3677656650543213,-3.1576595306396484,0.3004607856273651,0.9233699331721639,0.0,0.0,0.0,4.2771849124127845
2.980,10,-0.91689426,1.099631,0.5044584,0.866651,-0.024722865,-0.017680574,-0.49798816,-0.3677656650543213,-3.1576595306396484,0.3004607856273651,0.9233699331721639,0.0,0.0,0.0,4.2771849124127845
3.250,11,-0.8227423,0.94243515,0.515658,0.83088505,-0.0073668356,-0.001210474,-0.556394,-0.3677656650543213,-3.1576595306396484,0.3004607856273651,0.9233699331721639,0.0,0.0,0.0,4.2771849124127845
3.547,12,-0.7420721,0.7631554,0.50497013,0.7880858,0.011179627,0.0051410124,-0.61544245,-0.3677656650543213,-3.1576595306396484,0.3004607856273651,0.9233699331721639,0.0,0.0,0.0,4.2771849124127845
3.827,13,-0.6955481,0.5870679,0.49064627,0.7356296,0.002288485,-0.0053834473,-0.67735887,-0.3677656650543213,-3.1576595306396484,0.3004607856273651,0.9233699331721639,0.0,0.0,0.0,4.2771849124127845
4.112,14,-0.68484056,0.39579907,0.4885795,0.6910442,0.0057960707,-0.004755075,-0.7227736,-0.3677656650543213,-3.1576595306396484,0.3004607856273651,0.9233699331721639,0.0,0.0,0.0,4.2771849124127845
4.393,15,-0.6964917,0.21151394,0.4992097,0.672092,0.0019429255,-0.005245547,-0.7404465,-0.3677656650543213,-3.1576595306396484,0.3004607856273651,0.9233699331721639,0.0,0.0,0.0,4.2771849124127845
4.679,16,-0.7267408,0.011992553,0.51232004,0.65912145,-0.0025871922,-0.0024912152,-0.752028,-0.3677656650543213,-3.1576595306396484,0.3004607856273651,0.9233699331721639,0.0,0.0,0.0,4.2771849124127845
4.950,17,-0.76169395,-0.19158778,0.50910646,0.65518016,0.0032039373,-0.00074634847,-0.7554655,-0.3677656650543213,-3.1576595306396484,0.3004607856273651,0.9233699331721639,0.0,0.0,0.0,4.2771849124127845
5.218,18,-0.7922268,-0.38567448,0.4959171,0.6585935,-0.0013651373,-0.006960509,-0.7524656,-0.3677656650543213,-3.1576595306396484,0.3004607856273651,0.9233699331721639,0.0,0.0,0.0,4.2771849124127845
5.506,19,-0.8250232,-0.5889226,0.49094403,0.6773853,0.021851884,0.0026597464,-0.73529905,-0.3677656650543213,-3.1576595306396484,0.3004607856273651,0.9233699331721639,0.0,0.0,0.0,4.2771849124127845
5.775,20,-0.84433097,-0.78362906,0.48684508,0.715377,0.020747103,-0.01787923,-0.6982017,-0.3677656650543213,-3.1576595306396484,0.3004607856273651,0.9233699331721639,0.0,0.0,0.0,4.2771849124127845
6.061,21,-0.83651406,-0.97154385,0.48843694,0.7600259,0.0019975244,-0.042115316,-0.6485236,-0.3677656650543213,-3.1576595306396484,0.3004607856273651,0.9233699331721639,0.0,0.0,0.0,4.2771849124127845
6.338,22,-0.7989419,-1.1585222,0.49686822,0.8049992,-0.0018898362,-0.032866485,-0.5923618,-0.3677656650543213,-3.1576595306396484,0.3004607856273651,0.9233699331721639,0.0,0.0,0.0,4.2771849124127845
6.591,23,-0.7366365,-1.3313729,0.4990794,0.84210724,-0.03416006,-0.013386503,-0.5380607,-0.3677656650543213,-3.1576595306396484,0.3004607856273651,0.9233699331721639,0.0,0.0,0.0,4.2771849124127845
6.869,24,-0.65158975,-1.4921484,0.5028888,0.85737413,-0.034498334,-0.017311454,-0.51324445,-0.3677656650543213,-3.1576595306396484,0.3004607856273651,0.9233699331721639,0.0,0.0,0.0,4.2771849124127845
7.142,25,-0.5727102,-1.6268804,0.5077374,0.8552802,-0.022276279,0.010392988,-0.5175824,-0.3677656650543213,-3.1576595306396484,0.3004607856273651,0.9233699331721639,0.0,0.0,0.0,4.2771849124127845
7.405,26,-0.5027793,-1.7337558,0.5081245,0.83593196,-0.012055163,0.01413005,-0.5485188,-0.3677656650543213,-3.1576595306396484,0.3004607856273651,0.9233699331721639,0.0,0.0,0.0,4.2771849124127845
7.664,27,-0.4391262,-1.8197241,0.50345,0.7954038,0.004564704,0.014411265,-0.6058913,-0.3677656650543213,-3.1576595306396484,0.3004607856273651,0.9233699331721639,0.0,0.0,0.0,4.2771849124127845
7.934,28,-0.40032545,-1.8775656,0.49648538,0.7644962,0.0011882898,0.0005835655,-0.6446269,-0.3677656650543213,-3.1576595306396484,0.3004607856273651,0.9233699331721639,0.0,0.0,0.0,4.2771849124127845
8.223,29,-0.3841783,-1.9108363,0.50613,0.753693,-0.007249179,0.0027451322,-0.65718096,-0.3677656650543213,-3.1576595306396484,0.3004607856273651,0.9233699331721639,0.0,0.0,0.0,4.2771849124127845
8.497,30,-0.3803801,-1.9256928,0.5041395,0.7510535,-0.0079243835,-0.0022670396,-0.6601899,-0.3677656650543213,-3.1576595306396484,0.3004607856273651,0.9233699331721639,0.0,0.0,0.0,4.2771849124127845
8.764,31,-0.37660116,-1.9235228,0.4963309,0.75140387,-0.011506446,0.0051506795,-0.65972215,-0.3677656650543213,-3.1576595306396484,0.3004607856273651,0.9233699331721639,0.0,0.0,0.0,4.2771849124127845
9.048,32,-0.36855993,-1.9266187,0.49397233,0.74822754,-0.018930528,0.0018807843,-0.6631695,-0.3677656650543213,-3.1576595306396484,0.3004607856273651,0.9233699331721639,0.0,0.0,0.0,4.2771849124127845
9.327,33,-0.36350843,-1.9292114,0.48891062,0.74659956,-0.004933195,-0.0025071301,-0.6652507,-0.3677656650543213,-3.1576595306396484,0.3004607856273651,0.9233699331721639,0.0,0.0,0.0,4.2771849124127845
9.612,34,-0.36241946,-1.9315139,0.486394,0.7446251,-0.00046968923,0.00032897177,-0.6674827,-0.3677656650543213,-3.1576595306396484,0.3004607856273651,0.9233699331721639,0.0,0.0,0.0,4.2771849124127845
9.890,35,-0.362764,-1.9336748,0.48606005,0.7427565,0.0007205696,0.0015301721,-0.6695594,-0.3677656650543213,-3.1576595306396484,0.3004607856273651,0.9233699331721639,0.0,0.0,0.0,4.2771849124127845
10.152,36,-0.36352935,-1.9354842,0.48655495,0.7408438,0.0011346721,0.0015988179,-0.67167455,-0.3677656650543213,-3.1576595306396484,0.3004607856273651,0.9233699331721639,0.0,0.0,0.0,4.2771849124127845
10.442,37,-0.3643169,-1.9369355,0.48693377,0.7389717,0.0014468657,0.0013675836,-0.67373353,-0.3677656650543213,-3.1576595306396484,0.3004607856273651,0.9233699331721639,0.0,0.0,0.0,4.2771849124127845
10.721,38,-0.36497375,-1.9380288,0.48699218,0.73719925,0.0017788453,0.0011666334,-0.67567205,-0.3677656650543213,-3.1576595306396484,0.3004607856273651,0.9233699331721639,0.0,0.0,0.0,4.2771849124127845
11.001,39,-0.365472,-1.9387981,0.48686373,0.7355297,0.002116459,0.0010639271,-0.67748845,-0.3677656650543213,-3.1576595306396484,0.3004607856273651,0.9233699331721639,0.0,0.0,0.0,4.2771849124127845
11.275,40,-0.3658426,-1.9393004,0.48668817,0.7339387,0.0024011564,0.0010102608,-0.6792108,-0.3677656650543213,-3.1576595306396484,0.3004607856273651,0.9233699331721639,0.0,0.0,0.0,4.2771849124127845
11.557,41,-0.36612424,-1.9395945,0.48652685,0.7324112,0.002611992,0.0009868136,-0.6808569,-0.3677656650543213,-3.1576595306396484,0.3004607856273651,0.9233699331721639,0.0,0.0,0.0,4.2771849124127845
11.841,42,-0.3663434,-1.9397289,0.48638377,0.73093665,0.0027619936,0.0009776771,-0.68243915,-0.3677656650543213,-3.1576595306396484,0.3004607856273651,0.9233699331721639,0.0,0.0,0.0,4.2771849124127845
12.128,43,-0.36652434,-1.9397433,0.48624542,0.72950685,0.0028804115,0.0009647517,-0.6839668,-0.3677656650543213,-3.1576595306396484,0.3004607856273651,0.9233699331721639,0.0,0.0,0.0,4.2771849124127845
12.401,44,-0.36667806,-1.939672,0.48610857,0.72812754,0.0029728338,0.0009726891,-0.6854346,-0.3677656650543213,-3.1576595306396484,0.3004607856273651,0.9233699331721639,0.0,0.0,0.0,4.2771849124127845
12.656,45,-0.36681104,-1.9395273,0.4859743,0.72679275,0.0030468465,0.0009731116,-0.6868495,-0.3677656650543213,-3.1576595306396484,0.3004607856273651,0.9233699331721639,0.0,0.0,0.0,4.2771849124127845
12.947,46,-0.36692607,-1.9393339,0.4858358,0.7255014,0.0031027454,0.0009795028,-0.688213,-0.3677656650543213,-3.1576595306396484,0.3004607856273651,0.9233699331721639,0.0,0.0,0.0,4.2771849124127845
13.216,47,-0.36702645,-1.9390959,0.48569793,0.72425145,0.0031465716,0.0009824743,-0.6895282,-0.3677656650543213,-3.1576595306396484,0.3004607856273651,0.9233699331721639,0.0,0.0,0.0,4.2771849124127845
13.504,48,-0.36711484,-1.9388334,0.48555726,0.7230367,0.0031722987,0.0009884984,-0.6908016,-0.3677656650543213,-3.1576595306396484,0.3004607856273651,0.9233699331721639,0.0,0.0,0.0,4.2771849124127845
13.817,49,-0.36719465,-1.9385397,0.48542556,0.72185016,0.00320325,0.0009917817,-0.6920413,-0.3677656650543213,-3.1576595306396484,0.3004607856273651,0.9233699331721639,0.0,0.0,0.0,4.2771849124127845
14.093,50,-0.3672666,-1.9382226,0.4852985,0.7207054,0.0032148934,0.0009967214,-0.6932334,-0.3677656650543213,-3.1576595306396484,0.3004607856273651,0.9233699331721639,0.0,0.0,0.0,4.2771849124127845
14.363,51,-0.36733115,-1.9378957,0.48516792,0.7195829,0.0032289384,0.00099545,-0.69439846,-0.3677656650543213,-3.1576595306396484,0.3004607856273651,0.9233699331721639,0.0,0.0,0.0,4.2771849124127845
14.654,52,-0.36738855,-1.9375662,0.48503467,0.718486,0.0032452114,0.0010028515,-0.6955332,-0.3677656650543213,-3.1576595306396484,0.3004607856273651,0.9233699331721639,0.0,0.0,0.0,4.2771849124127845
14.908,53,-0.36743978,-1.9372357,0.48490354,0.7174197,0.0032572993,0.0010058489,-0.69663286,-0.3677656650543213,-3.1576595306396484,0.3004607856273651,0.9233699331721639,0.0,0.0,0.0,4.2771849124127845
15.163,54,-0.36748177,-1.936908,0.48477808,0.71636826,0.0032614062,0.001022112,-0.69771403,-0.3677656650543213,-3.1576595306396484,0.3004607856273651,0.9233699331721639,0.0,0.0,0.0,4.2771849124127845
15.423,55,-0.3675207,-1.9365811,0.48465154,0.7153415,0.0032515773,0.0010224859,-0.69876677,-0.3677656650543213,-3.1576595306396484,0.3004607856273651,0.9233699331721639,0.0,0.0,0.0,4.2771849124127845
15.673,56,-0.3675575,-1.936252,0.48452383,0.7143377,0.0032573498,0.0010299262,-0.6997928,-0.3677656650543213,-3.1576595306396484,0.3004607856273651,0.9233699331721639,0.0,0.0,0.0,4.2771849124127845
15.938,57,-0.36759266,-1.9359211,0.48439878,0.71335125,0.0032585363,0.001032482,-0.7007984,-0.3677656650543213,-3.1576595306396484,0.3004607856273651,0.9233699331721639,0.0,0.0,0.0,4.2771849124127845
16.172,58,-0.36762562,-1.935594,0.4842747,0.71239036,0.0032629143,0.0010368947,-0.701775,-0.3677656650543213,-3.1576595306396484,0.3004607856273651,0.9233699331721639,0.0,0.0,0.0,4.2771849124127845
16.461,59,-0.36765745,-1.9352663,0.484153,0.71144325,0.0032647364,0.0010383807,-0.70273525,-0.3677656650543213,-3.1576595306396484,0.3004607856273651,0.9233699331721639,0.0,0.0,0.0,4.2771849124127845
16.728,60,-0.36768535,-1.9349399,0.48403272,0.71049947,0.0032637673,0.0010440623,-0.70368946,-0.3677656650543213,-3.1576595306396484,0.3004607856273651,0.9233699331721639,0.0,0.0,0.0,4.2771849124127845
17.004,61,-0.3677088,-1.9346101,0.4839133,0.7095889,0.003255036,0.0010439235,-0.7046076,-0.3677656650543213,-3.1576595306396484,0.3004607856273651,0.9233699331721639,0.0,0.0,0.0,4.2771849124127845
17.262,62,-0.36772776,-1.9342839,0.4837951,0.7086855,0.0032586446,0.0010555295,-0.7055162,-0.3677656650543213,-3.1576595306396484,0.3004607856273651,0.9233699331721639,0.0,0.0,0.0,4.2771849124127845
17.535,63,-0.367738,-1.9339548,0.48368284,0.70778096,0.0032565577,0.0010661173,-0.70642364,-0.3677656650543213,-3.1576595306396484,0.3004607856273651,0.9233699331721639,0.0,0.0,0.0,4.2771849124127845
17.803,64,-0.3677496,-1.9336318,0.48355916,0.7068983,0.0032454177,0.0010609529,-0.707307,-0.3677656650543213,-3.1576595306396484,0.3004607856273651,0.9233699331721639,0.0,0.0,0.0,4.2771849124127845
18.062,65,-0.36776105,-1.9333168,0.4834349,0.7060381,0.0032447567,0.0010683776,-0.70816565,-0.3677656650543213,-3.1576595306396484,0.3004607856273651,0.9233699331721639,0.0,0.0,0.0,4.2771849124127845
18.345,66,-0.3677722,-1.9330089,0.48331457,0.705178,0.0032457898,0.0010752232,-0.70902216,-0.3677656650543213,-3.1576595306396484,0.3004607856273651,0.9233699331721639,0.0,0.0,0.0,4.2771849124127845
18.622,67,-0.36778355,-1.932702,0.48319772,0.70431685,0.0032428969,0.0010782292,-0.7098776,-0.3677656650543213,-3.1576595306396484,0.3004607856273651,0.9233699331721639,0.0,0.0,0.0,4.2771849124127845
18.881,68,-0.36779392,-1.9323992,0.48307905,0.70346284,0.0032416515,0.0010849697,-0.710724,-0.3677656650543213,-3.1576595306396484,0.3004607856273651,0.9233699331721639,0.0,0.0,0.0,4.2771849124127845
19.141,69,-0.3677982,-1.9321008,0.4829609,0.7026238,0.0032340793,0.0010939246,-0.7115534,-0.3677656650543213,-3.1576595306396484,0.3004607856273651,0.9233699331721639,0.0,0.0,0.0,4.2771849124127845
19.402,70,-0.36779594,-1.9318044,0.4828488,0.70179033,0.0032326484,0.0011065778,-0.7123754,-0.3677656650543213,-3.1576595306396484,0.3004607856273651,0.9233699331721639,0.0,0.0,0.0,4.2771849124127845
19.653,71,-0.36779132,-1.9315056,0.48273194,0.7009699,0.0032222536,0.0011014262,-0.71318287,-0.3677656650543213,-3.1576595306396484,0.3004607856273651,0.9233699331721639,0.0,0.0,0.0,4.2771849124127845
19.919,72,-0.36778885,-1.9312122,0.48261172,0.70015174,0.0032212122,0.001111851,-0.713986,-0.3677656650543213,-3.1576595306396484,0.3004607856273651,0.9233699331721639,0.0,0.0,0.0,4.2771849124127845
20.205,73,-0.36778674,-1.9309235,0.4824935,0.6993327,0.0032170208,0.001121393,-0.7147882,-0.3677656650543213,-3.1576595306396484,0.3004607856273651,0.9233699331721639,0.0,0.0,0.0,4.2771849124127845
20.474,74,-0.36778495,-1.9306372,0.4823749,0.6985132,0.003209905,0.0011286754,-0.7155891,-0.3677656650543213,-3.1576595306396484,0.3004607856273651,0.9233699331721639,0.0,0.0,0.0,4.2771849124127845
20.749,75,-0.36778116,-1.9303584,0.4822545,0.6977109,0.003206453,0.0011353077,-0.7163715,-0.3677656650543213,-3.1576595306396484,0.3004607856273651,0.9233699331721639,0.0,0.0,0.0,4.2771849124127845
21.031,76,-0.36777747,-1.9300817,0.48213497,0.69691324,0.0031998127,0.0011419314,-0.7171474,-0.3677656650543213,-3.1576595306396484,0.3004607856273651,0.9233699331721639,0.0,0.0,0.0,4.2771849124127845
21.317,77,-0.36777335,-1.9298056,0.48201755,0.6961148,0.003196317,0.0011476545,-0.7179225,-0.3677656650543213,-3.1576595306396484,0.3004607856273651,0.9233699331721639,0.0,0.0,0.0,4.2771849124127845
21.586,78,-0.36776727,-1.9295322,0.48190147,0.6953155,0.0031905351,0.0011540459,-0.7186967,-0.3677656650543213,-3.1576595306396484,0.3004607856273651,0.9233699331721639,0.0,0.0,0.0,4.2771849124127845
21.873,79,-0.3677569,-1.9292606,0.48178425,0.6945153,0.0031764908,0.0011720252,-0.7194701,-0.3677656650543213,-3.1576595306396484,0.3004607856273651,0.9233699331721639,0.0,0.0,0.0,4.2771849124127845
22.152,80,-0.3677447,-1.9289863,0.48166862,0.6937222,0.0031725296,0.0011740167,-0.7202348,-0.3677656650543213,-3.1576595306396484,0.3004607856273651,0.9233699331721639,0.0,0.0,0.0,4.2771849124127845
22.432,81,-0.3677363,-1.9287112,0.4815466,0.6929356,0.0031566254,0.0011762589,-0.7209916,-0.3677656650543213,-3.1576595306396484,0.3004607856273651,0.9233699331721639,0.0,0.0,0.0,4.2771849124127845
22.723,82,-0.36772835,-1.9284344,0.48142406,0.69215333,0.0031531136,0.0011818685,-0.7217427,-0.3677656650543213,-3.1576595306396484,0.3004607856273651,0.9233699331721639,0.0,0.0,0.0,4.2771849124127845
22.997,83,-0.3677204,-1.9281629,0.48130307,0.69137275,0.0031384313,0.001191092,-0.7224905,-0.3677656650543213,-3.1576595306396484,0.3004607856273651,0.9233699331721639,0.0,0.0,0.0,4.2771849124127845
23.266,84,-0.36770895,-1.9278884,0.48118576,0.69059163,0.0031312606,0.0011930576,-0.7232371,-0.3677656650543213,-3.1576595306396484,0.3004607856273651,0.9233699331721639,0.0,0.0,0.0,4.2771849124127845
23.565,85,-0.3676981,-1.9276179,0.4810653,0.6898128,0.0031299,0.0011988445,-0.72398,-0.3677656650543213,-3.1576595306396484,0.3004607856273651,0.9233699331721639,0.0,0.0,0.0,4.2771849124127845
23.854,86,-0.3676868,-1.9273467,0.48094156,0.6890317,0.0031217504,0.001205838,-0.7247235,-0.3677656650543213,-3.1576595306396484,0.3004607856273651,0.9233699331721639,0.0,0.0,0.0,4.2771849124127845
24.147,87,-0.3676727,-1.9270719,0.48082438,0.68824726,0.0031071722,0.0012189302,-0.7254685,-0.3677656650543213,-3.1576595306396484,0.3004607856273651,0.9233699331721639,0.0,0.0,0.0,4.2771849124127845
24.435,88,-0.3676573,-1.9268008,0.48070487,0.6874664,0.0031017615,0.0012203144,-0.72620857,-0.3677656650543213,-3.1576595306396484,0.3004607856273651,0.9233699331721639,0.0,0.0,0.0,4.2771849124127845
24.708,89,-0.36764678,-1.9265327,0.48057872,0.68668103,0.0030882254,0.0012220689,-0.72695124,-0.3677656650543213,-3.1576595306396484,0.3004607856273651,0.9233699331721639,0.0,0.0,0.0,4.2771849124127845
25.104,90,-0.3676344,-1.9262617,0.4804547,0.685882,0.0030787725,0.0012267596,-0.7277054,-0.3677656650543213,-3.1576595306396484,0.3004607856273651,0.9233699331721639,0.0,0.0,0.0,4.2771849124127845
25.397,91,-0.3676153,-1.9259856,0.4803293,0.68508494,0.0030760865,0.0012341946,-0.7284557,-0.3677656650543213,-3.1576595306396484,0.3004607856273651,0.9233699331721639,0.0,0.0,0.0,4.2771849124127845
25.665,92,-0.36759853,-1.9257097,0.48020414,0.6842882,0.0030557043,0.0012417005,-0.72920424,-0.3677656650543213,-3.1576595306396484,0.3004607856273651,0.9233699331721639,0.0,0.0,0.0,4.2771849124127845
25.939,93,-0.367585,-1.925428,0.4800808,0.6834799,0.0030408858,0.0012459517,-0.729962,-0.3677656650543213,-3.1576595306396484,0.3004607856273651,0.9233699331721639,0.0,0.0,0.0,4.2771849124127845
26.208,94,-0.36756745,-1.9251366,0.47996056,0.68266684,0.0030274363,0.0012578804,-0.7307225,-0.3677656650543213,-3.1576595306396484,0.3004607856273651,0.9233699331721639,0.0,0.0,0.0,4.2771849124127845
26.467,95,-0.3675461,-1.9248453,0.47983184,0.681853,0.0030077351,0.001263667,-0.731482,-0.3677656650543213,-3.1576595306396484,0.3004607856273651,0.9233699331721639,0.0,0.0,0.0,4.2771849124127845
26.723,96,-0.36752674,-1.9245468,0.47969943,0.6810382,0.0029923706,0.0012598843,-0.7322408,-0.3677656650543213,-3.1576595306396484,0.3004607856273651,0.9233699331721639,0.0,0.0,0.0,4.2771849124127845
26.992,97,-0.3675097,-1.9242536,0.47957096,0.68022245,0.0029845173,0.0012651869,-0.7329986,-0.3677656650543213,-3.1576595306396484,0.3004607856273651,0.9233699331721639,0.0,0.0,0.0,4.2771849124127845
27.265,98,-0.36749256,-1.9239601,0.47944126,0.67940587,0.002965325,0.0012686069,-0.7337556,-0.3677656650543213,-3.1576595306396484,0.3004607856273651,0.9233699331721639,0.0,0.0,0.0,4.2771849124127845
27.559,99,-0.36747536,-1.9236665,0.47931114,0.6785884,0.0029502695,0.0012744379,-0.7345117,-0.3677656650543213,-3.1576595306396484,0.3004607856273651,0.9233699331721639,0.0,0.0,0.0,4.2771849124127845
27.840,100,-0.36745524,-1.9233685,0.47918203,0.6777701,0.0029271042,0.00127924,-0.7352669,-0.3677656650543213,-3.1576595306396484,0.3004607856273651,0.9233699331721639,0.0,0.0,0.0,4.2771849124127845
28.140,101,-0.36743113,-1.9230696,0.47905168,0.6769425,0.0029115102,0.0012877724,-0.7360291,-0.3677656650543213,-3.1576595306396484,0.3004607856273651,0.9233699331721639,0.0,0.0,0.0,4.2771849124127845
28.412,102,-0.3674027,-1.9227648,0.4789258,0.6760971,0.002886582,0.0012963441,-0.73680586,-0.3677656650543213,-3.1576595306396484,0.3004607856273651,0.9233699331721639,0.0,0.0,0.0,4.2771849124127845
28.709,103,-0.36737734,-1.922448,0.47879684,0.675251,0.0028591661,0.0012856744,-0.7375813,-0.3677656650543213,-3.1576595306396484,0.3004607856273651,0.9233699331721639,0.0,0.0,0.0,4.2771849124127845
28.967,104,-0.367354,-1.9221305,0.47865975,0.674404,0.0028373532,0.0012876424,-0.738356,-0.3677656650543213,-3.1576595306396484,0.3004607856273651,0.9233699331721639,0.0,0.0,0.0,4.2771849124127845
29.246,105,-0.36733037,-1.9218094,0.47852284,0.6735414,0.0028087976,0.001290532,-0.73914295,-0.3677656650543213,-3.1576595306396484,0.3004607856273651,0.9233699331721639,0.0,0.0,0.0,4.2771849124127845
29.529,106,-0.36730602,-1.9214886,0.4783856,0.67267025,0.0027777837,0.0012912414,-0.73993605,-0.3677656650543213,-3.1576595306396484,0.3004607856273651,0.9233699331721639,0.0,0.0,0.0,4.2771849124127845
29.811,107,-0.36728194,-1.9211622,0.47824922,0.6717808,0.0027551316,0.001283077,-0.7407439,-0.3677656650543213,-3.1576595306396484,0.3004607856273651,0.9233699331721639,0.0,0.0,0.0,4.2771849124127845
30.101,108,-0.36725557,-1.9208312,0.47811198,0.6708814,0.0027251951,0.0012848641,-0.7415586,-0.3677656650543213,-3.1576595306396484,0.3004607856273651,0.9233699331721639,0.0,0.0,0.0,4.2771849124127845
30.369,109,-0.3672255,-1.9205042,0.47797057,0.66997963,0.00268873,0.0012887063,-0.74237347,-0.3677656650543213,-3.1576595306396484,0.3004607856273651,0.9233699331721639,0.0,0.0,0.0,4.2771849124127845
30.655,110,-0.36718476,-1.9201742,0.47782674,0.66907465,0.00266203,0.0012941561,-0.74318933,-0.3677656650543213,-3.1576595306396484,0.3004607856273651,0.9233699331721639,0.0,0.0,0.0,4.2771849124127845
30.915,111,-0.3671498,-1.9198436,0.47768512,0.66815543,0.0026216658,0.0012928086,-0.744016,-0.3677656650543213,-3.1576595306396484,0.3004607856273651,0.9233699331721639,0.0,0.0,0.0,4.2771849124127845
31.224,112,-0.36711717,-1.9195155,0.47754207,0.66720206,0.0025835813,0.0012925897,-0.74487126,-0.3677656650543213,-3.1576595306396484,0.3004607856273651,0.9233699331721639,0.0,0.0,0.0,4.2771849124127845
31.522,113,-0.36708423,-1.9191827,0.47739622,0.6662457,0.0025464199,0.0012886071,-0.7457269,-0.3677656650543213,-3.1576595306396484,0.3004607856273651,0.9233699331721639,0.0,0.0,0.0,4.2771849124127845
31.798,114,-0.36704928,-1.9188457,0.4772479,0.66528815,0.0025039683,0.0012898329,-0.7465813,-0.3677656650543213,-3.1576595306396484,0.3004607856273651,0.9233699331721639,0.0,0.0,0.0,4.2771849124127845
32.087,115,-0.36701483,-1.9184984,0.47710046,0.66431963,0.0024598532,0.0012878088,-0.7474435,-0.3677656650543213,-3.1576595306396484,0.3004607856273651,0.9233699331721639,0.0,0.0,0.0,4.2771849124127845
32.376,116,-0.3669754,-1.918136,0.47695762,0.66332734,0.0024160994,0.0012918869,-0.74832433,-0.3677656650543213,-3.1576595306396484,0.3004607856273651,0.9233699331721639,0.0,0.0,0.0,4.2771849124127845
32.662,117,-0.36693373,-1.9177618,0.4768081,0.66231745,0.002368921,0.0012839931,-0.7492185,-0.3677656650543213,-3.1576595306396484,0.3004607856273651,0.9233699331721639,0.0,0.0,0.0,4.2771849124127845
32.941,118,-0.36689115,-1.91738,0.47665304,0.6613043,0.0023125391,0.0012755635,-0.7501132,-0.3677656650543213,-3.1576595306396484,0.3004607856273651,0.9233699331721639,0.0,0.0,0.0,4.2771849124127845
33.219,119,-0.36684152,-1.9169893,0.47649398,0.6602687,0.002255694,0.001278411,-0.75102496,-0.3677656650543213,-3.1576595306396484,0.3004607856273651,0.9233699331721639,0.0,0.0,0.0,4.2771849124127845
33.508,120,-0.3667912,-1.9165856,0.4763407,0.6592216,0.0021933564,0.0012668354,-0.7519445,-0.3677656650543213,-3.1576595306396484,0.3004607856273651,0.9233699331721639,0.0,0.0,0.0,4.2771849124127845
33.786,121,-0.36674392,-1.9161738,0.47618765,0.65814346,0.0021305291,0.0012585389,-0.7528886,-0.3677656650543213,-3.1576595306396484,0.3004607856273651,0.9233699331721639,0.0,0.0,0.0,4.2771849124127845
34.082,122,-0.36669216,-1.9157575,0.47603026,0.6570482,0.0020653822,0.0012570525,-0.7538447,-0.3677656650543213,-3.1576595306396484,0.3004607856273651,0.9233699331721639,0.0,0.0,0.0,4.2771849124127845
34.355,123,-0.36663103,-1.9153363,0.4758698,0.6559494,0.0019929237,0.0012616515,-0.7548013,-0.3677656650543213,-3.1576595306396484,0.3004607856273651,0.9233699331721639,0.0,0.0,0.0,4.2771849124127845
34.640,124,-0.36657006,-1.9149095,0.4757024,0.6548071,0.0019240091,0.0012481466,-0.7557926,-0.3677656650543213,-3.1576595306396484,0.3004607856273651,0.9233699331721639,0.0,0.0,0.0,4.2771849124127845
34.925,125,-0.3665113,-1.914481,0.47553682,0.65365773,0.0018387322,0.001243061,-0.7567871,-0.3677656650543213,-3.1576595306396484,0.3004607856273651,0.9233699331721639,0.0,0.0,0.0,4.2771849124127845
35.225,126,-0.3664502,-1.9140416,0.47537202,0.65248454,0.0017573949,0.0012371045,-0.757799,-0.3677656650543213,-3.1576595306396484,0.3004607856273651,0.9233699331721639,0.0,0.0,0.0,4.2771849124127845
35.501,127,-0.36638227,-1.9135869,0.47520465,0.6512837,0.0016659625,0.0012349142,-0.7588315,-0.3677656650543213,-3.1576595306396484,0.3004607856273651,0.9233699331721639,0.0,0.0,0.0,4.2771849124127845
35.784,128,-0.36630276,-1.9131042,0.47503558,0.650054,0.0015744424,0.0012317852,-0.75988543,-0.3677656650543213,-3.1576595306396484,0.3004607856273651,0.9233699331721639,0.0,0.0,0.0,4.2771849124127845
36.073,129,-0.36621672,-1.9126059,0.47486627,0.64880496,0.0014714932,0.0012364432,-0.76095235,-0.3677656650543213,-3.1576595306396484,0.3004607856273651,0.9233699331721639,0.0,0.0,0.0,4.2771849124127845
36.339,130,-0.36612934,-1.9120924,0.47469422,0.64752084,0.001366028,0.0012239084,-0.7620457,-0.3677656650543213,-3.1576595306396484,0.3004607856273651,0.9233699331721639,0.0,0.0,0.0,4.2771849124127845
36.658,131,-0.36604363,-1.911574,0.4745187,0.6462116,0.0012639154,0.0012123127,-0.7631563,-0.3677656650543213,-3.1576595306396484,0.3004607856273651,0.9233699331721639,0.0,0.0,0.0,4.2771849124127845
36.941,132,-0.36595848,-1.9110456,0.4743429,0.6448658,0.0011382146,0.0012139208,-0.7642941,-0.3677656650543213,-3.1576595306396484,0.3004607856273651,0.9233699331721639,0.0,0.0,0.0,4.2771849124127845
37.232,133,-0.36586502,-1.9104953,0.474168,0.64349073,0.0010166016,0.0012075626,-0.7654523,-0.3677656650543213,-3.1576595306396484,0.3004607856273651,0.9233699331721639,0.0,0.0,0.0,4.2771849124127845
37.504,134,-0.3657693,-1.9099247,0.47399777,0.6420749,0.0008821657,0.0011945694,-0.7666405,-0.3677656650543213,-3.1576595306396484,0.3004607856273651,0.9233699331721639,0.0,0.0,0.0,4.2771849124127845
37.764,135,-0.36565974,-1.9093173,0.47382984,0.64062965,0.00074128073,0.0011946135,-0.76784873,-0.3677656650543213,-3.1576595306396484,0.3004607856273651,0.9233699331721639,0.0,0.0,0.0,4.2771849124127845
38.085,136,-0.36554173,-1.908698,0.47365168,0.6391463,0.0005875945,0.0011810252,-0.7690841,-0.3677656650543213,-3.1576595306396484,0.3004607856273651,0.9233699331721639,0.0,0.0,0.0,4.2771849124127845
38.360,137,-0.36541742,-1.9080524,0.4734742,0.63762313,0.00043601645,0.0011689523,-0.77034754,-0.3677656650543213,-3.1576595306396484,0.3004607856273651,0.9233699331721639,0.0,0.0,0.0,4.2771849124127845
38.642,138,-0.36529303,-1.9073673,0.47330877,0.6360586,0.0002662417,0.0011485807,-0.77163994,-0.3677656650543213,-3.1576595306396484,0.3004607856273651,0.9233699331721639,0.0,0.0,0.0,4.2771849124127845
38.931,139,-0.3651622,-1.9066507,0.47314563,0.63444334,8.3540144e-05,0.0011386315,-0.77296853,-0.3677656650543213,-3.1576595306396484,0.3004607856273651,0.9233699331721639,0.0,0.0,0.0,4.2771849124127845
39.219,140,-0.36502072,-1.9059026,0.47298047,0.6327864,-0.00010203572,0.0011193044,-0.77432567,-0.3677656650543213,-3.1576595306396484,0.3004607856273651,0.9233699331721639,0.0,0.0,0.0,4.2771849124127845
39.469,141,-0.36486706,-1.9051133,0.4728184,0.6310847,-0.00030319448,0.0011063239,-0.77571315,-0.3677656650543213,-3.1576595306396484,0.3004607856273651,0.9233699331721639,0.0,0.0,0.0,4.2771849124127845
39.745,142,-0.36470553,-1.9042925,0.47266158,0.6293314,-0.00051404425,0.0010838232,-0.7771361,-0.3677656650543213,-3.1576595306396484,0.3004607856273651,0.9233699331721639,0.0,0.0,0.0,4.2771849124127845
40.011,143,-0.36453804,-1.9034318,0.47251385,0.6275228,-0.00074106466,0.0010591721,-0.7785971,-0.3677656650543213,-3.1576595306396484,0.3004607856273651,0.9233699331721639,0.0,0.0,0.0,4.2771849124127845
40.302,144,-0.36435866,-1.9025267,0.47237158,0.62565535,-0.0009940147,0.0010563455,-0.7800983,-0.3677656650543213,-3.1576595306396484,0.3004607856273651,0.9233699331721639,0.0,0.0,0.0,4.2771849124127845
40.583,145,-0.36416203,-1.901578,0.47222957,0.6237212,-0.0012478086,0.0010491795,-0.78164524,-0.3677656650543213,-3.1576595306396484,0.3004607856273651,0.9233699331721639,0.0,0.0,0.0,4.2771849124127845
40.874,146,-0.3639493,-1.9005771,0.47209647,0.6217246,-0.0015220031,0.0010597268,-0.78323376,-0.3677656650543213,-3.1576595306396484,0.3004607856273651,0.9233699331721639,0.0,0.0,0.0,4.2771849124127845
41.142,147,-0.36371917,-1.8995172,0.4719736,0.6196582,-0.0018176117,0.0010633039,-0.7848691,-0.3677656650543213,-3.1576595306396484,0.3004607856273651,0.9233699331721639,0.0,0.0,0.0,4.2771849124127845
41.456,148,-0.3634793,-1.8984058,0.4718498,0.617518,-0.0021407278,0.001064433,-0.78655314,-0.3677656650543213,-3.1576595306396484,0.3004607856273651,0.9233699331721639,0.0,0.0,0.0,4.2771849124127845
41.768,149,-0.36322662,-1.8972265,0.47173163,0.6153021,-0.0024747439,0.001067819,-0.7882868,-0.3677656650543213,-3.1576595306396484,0.3004607856273651,0.9233699331721639,0.0,0.0,0.0,4.2771849124127845
42.043,150,-0.3629631,-1.8959826,0.4716194,0.6130148,-0.0028410389,0.0010737577,-0.7900655,-0.3677656650543213,-3.1576595306396484,0.3004607856273651,0.9233699331721639,0.0,0.0,0.0,4.2771849124127845
42.361,151,-0.36268505,-1.8946744,0.47152156,0.61066705,-0.0032241729,0.0010709795,-0.79188025,-0.3677656650543213,-3.1576595306396484,0.3004607856273651,0.9233699331721639,0.0,0.0,0.0,4.2771849124127845
42.648,152,-0.36239016,-1.893299,0.47142753,0.6082616,-0.0036137728,0.0010584114,-0.7937277,-0.3677656650543213,-3.1576595306396484,0.3004607856273651,0.9233699331721639,0.0,0.0,0.0,4.2771849124127845
42.952,153,-0.3620768,-1.8918567,0.47134537,0.605821,-0.004014225,0.0010442053,-0.79559016,-0.3677656650543213,-3.1576595306396484,0.3004607856273651,0.9233699331721639,0.0,0.0,0.0,4.2771849124127845
43.234,154,-0.36174637,-1.8903503,0.4712802,0.6033485,-0.004439216,0.001023201,-0.7974647,-0.3677656650543213,-3.1576595306396484,0.3004607856273651,0.9233699331721639,0.0,0.0,0.0,4.2771849124127845
43.536,155,-0.36140278,-1.8887832,0.47122937,0.6008572,-0.0048712566,0.0009949879,-0.7993409,-0.3677656650543213,-3.1576595306396484,0.3004607856273651,0.9233699331721639,0.0,0.0,0.0,4.2771849124127845
43.792,156,-0.3610422,-1.8871545,0.47119942,0.59836537,-0.0053177285,0.0009647547,-0.8012052,-0.3677656650543213,-3.1576595306396484,0.3004607856273651,0.9233699331721639,0.0,0.0,0.0,4.2771849124127845
44.061,157,-0.36066625,-1.8854699,0.47118977,0.5958664,-0.0057727355,0.00092841435,-0.8030623,-0.3677656650543213,-3.1576595306396484,0.3004607856273651,0.9233699331721639,0.0,0.0,0.0,4.2771849124127845
44.355,158,-0.36027285,-1.8837373,0.47119677,0.59338117,-0.0062270593,0.00088141765,-0.80489707,-0.3677656650543213,-3.1576595306396484,0.3004607856273651,0.9233699331721639,0.0,0.0,0.0,4.2771849124127845
44.623,159,-0.35986874,-1.8819647,0.47122028,0.59092647,-0.006684458,0.00082961796,-0.8066973,-0.3677656650543213,-3.1576595306396484,0.3004607856273651,0.9233699331721639,0.0,0.0,0.0,4.2771849124127845
44.882,160,-0.35945415,-1.8801645,0.4712466,0.5885157,-0.0071452647,0.00077332405,-0.80845386,-0.3677656650543213,-3.1576595306396484,0.3004607856273651,0.9233699331721639,0.0,0.0,0.0,4.2771849124127845
45.177,161,-0.3590361,-1.8783334,0.47128662,0.5861645,-0.007602362,0.0007055036,-0.8101561,-0.3677656650543213,-3.1576595306396484,0.3004607856273651,0.9233699331721639,0.0,0.0,0.0,4.2771849124127845
45.468,162,-0.35861176,-1.8764683,0.47134393,0.5838866,-0.008056784,0.00064964866,-0.811795,-0.3677656650543213,-3.1576595306396484,0.3004607856273651,0.9233699331721639,0.0,0.0,0.0,4.2771849124127845
45.741,163,-0.3581828,-1.8745956,0.47141,0.5816895,-0.008507177,0.00058581145,-0.8133663,-0.3677656650543213,-3.1576595306396484,0.3004607856273651,0.9233699331721639,0.0,0.0,0.0,4.2771849124127845
46.026,164,-0.3577509,-1.8727142,0.47148383,0.57957375,-0.008932025,0.0005206873,-0.8148707,-0.3677656650543213,-3.1576595306396484,0.3004607856273651,0.9233699331721639,0.0,0.0,0.0,4.2771849124127845
46.347,165,-0.35731566,-1.8708234,0.47156465,0.5775511,-0.009345012,0.00044956463,-0.81630087,-0.3677656650543213,-3.1576595306396484,0.3004607856273651,0.9233699331721639,0.0,0.0,0.0,4.2771849124127845
46.635,166,-0.35687938,-1.8689412,0.471647,0.5756312,-0.009735394,0.00037080815,-0.81765133,-0.3677656650543213,-3.1576595306396484,0.3004607856273651,0.9233699331721639,0.0,0.0,0.0,4.2771849124127845
46.922,167,-0.3564494,-1.8670691,0.4717406,0.5738255,-0.010106576,0.00029593462,-0.8189152,-0.3677656650543213,-3.1576595306396484,0.3004607856273651,0.9233699331721639,0.0,0.0,0.0,4.2771849124127845
47.310,168,-0.35602683,-1.8652124,0.47183585,0.57214224,-0.010463355,0.00020866132,-0.82008773,-0.3677656650543213,-3.1576595306396484,0.3004607856273651,0.9233699331721639,0.0,0.0,0.0,4.2771849124127845
47.759,169,-0.355613,-1.8633777,0.47193298,0.57058084,-0.010825649,0.00013192472,-0.8211702,-0.3677656650543213,-3.1576595306396484,0.3004607856273651,0.9233699331721639,0.0,0.0,0.0,4.2771849124127845
48.083,170,-0.35520238,-1.8615862,0.47201994,0.5691488,-0.011182041,5.634532e-05,-0.82215846,-0.3677656650543213,-3.1576595306396484,0.3004607856273651,0.9233699331721639,0.0,0.0,0.0,4.2771849124127845
48.361,171,-0.35479856,-1.8598585,0.4720931,0.56785214,-0.01152342,-2.0264435e-05,-0.8230499,-0.3677656650543213,-3.1576595306396484,0.3004607856273651,0.9233699331721639,0.0,0.0,0.0,4.2771849124127845
48.660,172,-0.35440382,-1.8582094,0.47215375,0.56669044,-0.011850147,-9.5134295e-05,-0.82384557,-0.3677656650543213,-3.1576595306396484,0.3004607856273651,0.9233699331721639,0.0,0.0,0.0,4.2771849124127845
48.919,173,-0.35401562,-1.856647,0.47220206,0.5656541,-0.012167877,-0.00015412921,-0.8245529,-0.3677656650543213,-3.1576595306396484,0.3004607856273651,0.9233699331721639,0.0,0.0,0.0,4.2771849124127845
49.197,174,-0.35363695,-1.8551762,0.47224173,0.5647437,-0.012465441,-0.00020739836,-0.82517225,-0.3677656650543213,-3.1576595306396484,0.3004607856273651,0.9233699331721639,0.0,0.0,0.0,4.2771849124127845
49.476,175,-0.3532723,-1.8538008,0.4722732,0.563945,-0.012761419,-0.00025807397,-0.8257138,-0.3677656650543213,-3.1576595306396484,0.3004607856273651,0.9233699331721639,0.0,0.0,0.0,4.2771849124127845
49.749,176,-0.35292587,-1.8525294,0.47229263,0.56326205,-0.013016604,-0.00030231994,-0.82617575,-0.3677656650543213,-3.1576595306396484,0.3004607856273651,0.9233699331721639,0.0,0.0,0.0,4.2771849124127845
50.034,177,-0.35260454,-1.8513674,0.47231007,0.5626881,-0.013251756,-0.0003439464,-0.82656306,-0.3677656650543213,-3.1576595306396484,0.3004607856273651,0.9233699331721639,0.0,0.0,0.0,4.2771849124127845
50.311,178,-0.35231096,-1.8503034,0.472323,0.5622123,-0.01347005,-0.0003845383,-0.8268831,-0.3677656650543213,-3.1576595306396484,0.3004607856273651,0.9233699331721639,0.0,0.0,0.0,4.2771849124127845
50.625,179,-0.3520452,-1.8493365,0.4723304,0.5618222,-0.013671135,-0.00041442647,-0.82714504,-0.3677656650543213,-3.1576595306396484,0.3004607856273651,0.9233699331721639,0.0,0.0,0.0,4.2771849124127845
50.913,180,-0.35180405,-1.8484643,0.47233188,0.56150854,-0.013849725,-0.00044535464,-0.827355,-0.3677656650543213,-3.1576595306396484,0.3004607856273651,0.9233699331721639,0.0,0.0,0.0,4.2771849124127845
51.197,181,-0.3515882,-1.8476883,0.47232354,0.5612538,-0.0140117705,-0.0004721446,-0.827525,-0.3677656650543213,-3.1576595306396484,0.3004607856273651,0.9233699331721639,0.0,0.0,0.0,4.2771849124127845
51.481,182,-0.35139862,-1.8470007,0.47231412,0.5610599,-0.014150112,-0.00049708463,-0.8276541,-0.3677656650543213,-3.1576595306396484,0.3004607856273651,0.9233699331721639,0.0,0.0,0.0,4.2771849124127845
51.804,183,-0.35123336,-1.8463985,0.4722993,0.56091374,-0.014279009,-0.00051486876,-0.82775104,-0.3677656650543213,-3.1576595306396484,0.3004607856273651,0.9233699331721639,0.0,0.0,0.0,4.2771849124127845
52.129,184,-0.35109037,-1.8458648,0.4722911,0.56080943,-0.014382673,-0.0005340631,-0.82781976,-0.3677656650543213,-3.1576595306396484,0.3004607856273651,0.9233699331721639,0.0,0.0,0.0,4.2771849124127845
52.431,185,-0.35097006,-1.8453963,0.47228283,0.56073624,-0.014481442,-0.0005443289,-0.82786775,-0.3677656650543213,-3.1576595306396484,0.3004607856273651,0.9233699331721639,0.0,0.0,0.0,4.2771849124127845
52.754,186,-0.35086843,-1.8449893,0.47227517,0.5606882,-0.014563621,-0.0005637075,-0.82789874,-0.3677656650543213,-3.1576595306396484,0.3004607856273651,0.9233699331721639,0.0,0.0,0.0,4.2771849124127845
53.039,187,-0.35078612,-1.8446363,0.4722658,0.56066936,-0.014644516,-0.00056730496,-0.82791007,-0.3677656650543213,-3.1576595306396484,0.3004607856273651,0.9233699331721639,0.0,0.0,0.0,4.2771849124127845
53.321,188,-0.35071936,-1.8443367,0.47225675,0.560669,-0.0147033995,-0.00058312056,-0.82790935,-0.3677656650543213,-3.1576595306396484,0.3004607856273651,0.9233699331721639,0.0,0.0,0.0,4.2771849124127845
53.621,189,-0.35066557,-1.8440853,0.4722441,0.5606686,-0.014763243,-0.00058193965,-0.8279085,-0.3677656650543213,-3.1576595306396484,0.3004607856273651,0.9233699331721639,0.0,0.0,0.0,4.2771849124127845
53.892,190,-0.35062203,-1.8438741,0.47223052,0.56067026,-0.014804442,-0.0005947144,-0.82790667,-0.3677656650543213,-3.1576595306396484,0.3004607856273651,0.9233699331721639,0.0,0.0,0.0,4.2771849124127845
54.193,191,-0.35058755,-1.8437003,0.47222,0.56067485,-0.014837301,-0.0005994908,-0.8279029,-0.3677656650543213,-3.1576595306396484,0.3004607856273651,0.9233699331721639,0.0,0.0,0.0,4.2771849124127845
54.483,192,-0.3505583,-1.8435551,0.47221124,0.5606917,-0.014871523,-0.0005994085,-0.82789093,-0.3677656650543213,-3.1576595306396484,0.3004607856273651,0.9233699331721639,0.0,0.0,0.0,4.2771849124127845
54.774,193,-0.35054016,-1.8434348,0.47220325,0.560722,-0.014892415,-0.00062123465,-0.82787,-0.3677656650543213,-3.1576595306396484,0.3004607856273651,0.9233699331721639,0.0,0.0,0.0,4.2771849124127845
55.029,194,-0.35053098,-1.843333,0.47219533,0.5607476,-0.014920579,-0.00061876944,-0.8278521,-0.3677656650543213,-3.1576595306396484,0.3004607856273651,0.9233699331721639,0.0,0.0,0.0,4.2771849124127845
55.330,195,-0.35053086,-1.8433208,0.47217488,0.5607366,-0.01503802,-0.0005828741,-0.82785755,-0.3677656650543213,-3.1576595306396484,0.3004607856273651,0.9233699331721639,0.0,0.0,0.0,4.2771849124127845
55.626,196,-0.34999245,-1.8509662,0.4723198,0.5596142,-0.018634481,-0.0006016876,-0.82854354,-0.3677656650543213,-3.1576595306396484,0.3004607856273651,0.9233699331721639,0.0,0.0,0.0,4.2771849124127845
55.919,197,-0.34061766,-1.8658649,0.4737776,0.56099576,-0.012216007,0.0009540724,-0.82772803,-0.3677656650543213,-3.1576595306396484,0.3004607856273651,0.9233699331721639,0.0,0.0,0.0,4.2771849124127845
56.184,198,-0.3343769,-1.87572,0.4741923,0.5759196,-0.010076506,0.0047563016,-0.8174305,-0.3677656650543213,-3.1576595306396484,0.3004607856273651,0.9233699331721639,0.0,0.0,0.0,4.2771849124127845
56.460,199,-0.33033904,-1.8793235,0.48159125,0.6311776,0.0029091104,0.004512312,-0.7756198,-0.3677656650543213,-3.1576595306396484,0.3004607856273651,0.9233699331721639,0.0,0.0,0.0,4.2771849124127845
56.745,200,-0.32059035,-1.8845737,0.4864541,0.69460464,0.004345996,0.0041914675,-0.7193665,-0.3677656650543213,-3.1576595306396484,0.3004607856273651,0.9233699331721639,0.0,0.0,0.0,4.2771849124127845
57.037,201,-0.30226728,-1.8936316,0.4950982,0.71975857,-0.00040494124,0.02045221,-0.693923,-0.3677656650543213,-3.1576595306396484,0.3004607856273651,0.9233699331721639,0.0,0.0,0.0,4.2771849124127845
57.322,202,-0.2909873,-1.8962555,0.5007409,0.7177637,0.00088721653,0.0023519113,-0.6962822,-0.3677656650543213,-3.1576595306396484,0.3004607856273651,0.9233699331721639,0.0,0.0,0.0,4.2771849124127845
57.599,203,-0.28443286,-1.8907102,0.50728905,0.690001,0.00085191405,-0.00036339564,-0.7238078,-0.3677656650543213,-3.1576595306396484,0.3004607856273651,0.9233699331721639,0.0,0.0,0.0,4.2771849124127845
57.883,204,-0.27948675,-1.8823512,0.5052907,0.6646752,-0.01419136,-0.0027514382,-0.7469926,-0.3677656650543213,-3.1576595306396484,0.3004607856273651,0.9233699331721639,0.0,0.0,0.0,4.2771849124127845
58.185,205,-0.27917624,-1.8770491,0.5007196,0.6646703,-0.015649343,0.0005742374,-0.74697274,-0.3677656650543213,-3.1576595306396484,0.3004607856273651,0.9233699331721639,0.0,0.0,0.0,4.2771849124127845
58.466,206,-0.2821205,-1.8799592,0.4927678,0.6615255,-0.018690951,-0.0022061511,-0.74968654,-0.3677656650543213,-3.1576595306396484,0.3004607856273651,0.9233699331721639,0.0,0.0,0.0,4.2771849124127845
58.759,207,-0.2836129,-1.8822702,0.48706955,0.6582504,-0.008266822,-0.0057045044,-0.752732,-0.3677656650543213,-3.1576595306396484,0.3004607856273651,0.9233699331721639,0.0,0.0,0.0,4.2771849124127845
59.045,208,-0.28365958,-1.8845724,0.4865471,0.65467846,-0.0056631635,-0.0059198164,-0.75586313,-0.3677656650543213,-3.1576595306396484,0.3004607856273651,0.9233699331721639,0.0,0.0,0.0,4.2771849124127845
59.313,209,-0.28337604,-1.8866209,0.48748848,0.6509594,-0.0051750434,-0.005708003,-0.7590735,-0.3677656650543213,-3.1576595306396484,0.3004607856273651,0.9233699331721639,0.0,0.0,0.0,4.2771849124127845
59.607,210,-0.2830897,-1.8882681,0.48808265,0.6474497,-0.0049755587,-0.005473713,-0.76207227,-0.3677656650543213,-3.1576595306396484,0.3004607856273651,0.9233699331721639,0.0,0.0,0.0,4.2771849124127845
59.872,211,-0.28285894,-1.8894757,0.48810154,0.6442546,-0.004701557,-0.0051856963,-0.764779,-0.3677656650543213,-3.1576595306396484,0.3004607856273651,0.9233699331721639,0.0,0.0,0.0,4.2771849124127845
60.143,212,-0.28268638,-1.890286,0.48786116,0.64131653,-0.004387643,-0.0048975893,-0.7672483,-0.3677656650543213,-3.1576595306396484,0.3004607856273651,0.9233699331721639,0.0,0.0,0.0,4.2771849124127845
60.441,213,-0.28256673,-1.8907881,0.48761564,0.6385793,-0.0041113105,-0.0046503483,-0.7695311,-0.3677656650543213,-3.1576595306396484,0.3004607856273651,0.9233699331721639,0.0,0.0,0.0,4.2771849124127845
60.720,214,-0.2824987,-1.8910611,0.48743758,0.6359979,-0.0039097406,-0.004485413,-0.77166784,-0.3677656650543213,-3.1576595306396484,0.3004607856273651,0.9233699331721639,0.0,0.0,0.0,4.2771849124127845
61.021,215,-0.28247285,-1.8911779,0.48729116,0.63355976,-0.0037409458,-0.0043753637,-0.77367234,-0.3677656650543213,-3.1576595306396484,0.3004607856273651,0.9233699331721639,0.0,0.0,0.0,4.2771849124127845
61.288,216,-0.28247634,-1.8911783,0.4871558,0.63124996,-0.0036193775,-0.0043152217,-0.7755591,-0.3677656650543213,-3.1576595306396484,0.3004607856273651,0.9233699331721639,0.0,0.0,0.0,4.2771849124127845
61.571,217,-0.282501,-1.8910931,0.48701558,0.6290611,-0.003509505,-0.004285674,-0.77733624,-0.3677656650543213,-3.1576595306396484,0.3004607856273651,0.9233699331721639,0.0,0.0,0.0,4.2771849124127845
61.849,218,-0.28253928,-1.8909471,0.48687047,0.6269799,-0.0034172644,-0.004276765,-0.77901626,-0.3677656650543213,-3.1576595306396484,0.3004607856273651,0.9233699331721639,0.0,0.0,0.0,4.2771849124127845
62.147,219,-0.28258035,-1.8907636,0.48672354,0.62499744,-0.0033394909,-0.004280635,-0.7806079,-0.3677656650543213,-3.1576595306396484,0.3004607856273651,0.9233699331721639,0.0,0.0,0.0,4.2771849124127845
62.455,220,-0.28262213,-1.8905464,0.4865824,0.62311065,-0.0032689131,-0.004298308,-0.78211516,-0.3677656650543213,-3.1576595306396484,0.3004607856273651,0.9233699331721639,0.0,0.0,0.0,4.2771849124127845
62.751,221,-0.28266376,-1.8903143,0.4864412,0.6213102,-0.0031928697,-0.0043156967,-0.78354645,-0.3677656650543213,-3.1576595306396484,0.3004607856273651,0.9233699331721639,0.0,0.0,0.0,4.2771849124127845
63.035,222,-0.2827024,-1.8900802,0.48630056,0.6195853,-0.003132701,-0.004338413,-0.78491116,-0.3677656650543213,-3.1576595306396484,0.3004607856273651,0.9233699331721639,0.0,0.0,0.0,4.2771849124127845
63.309,223,-0.28273675,-1.889841,0.4861666,0.6179338,-0.0030790186,-0.004360047,-0.786212,-0.3677656650543213,-3.1576595306396484,0.3004607856273651,0.9233699331721639,0.0,0.0,0.0,4.2771849124127845
63.604,224,-0.28276744,-1.8896028,0.4860357,0.61634403,-0.003030695,-0.004384992,-0.7874591,-0.3677656650543213,-3.1576595306396484,0.3004607856273651,0.9233699331721639,0.0,0.0,0.0,4.2771849124127845
63.881,225,-0.282792,-1.8893648,0.48591033,0.61482173,-0.0029851564,-0.004408304,-0.7886481,-0.3677656650543213,-3.1576595306396484,0.3004607856273651,0.9233699331721639,0.0,0.0,0.0,4.2771849124127845
64.151,226,-0.28281018,-1.8891239,0.48578745,0.6133527,-0.0029479158,-0.004433931,-0.7897912,-0.3677656650543213,-3.1576595306396484,0.3004607856273651,0.9233699331721639,0.0,0.0,0.0,4.2771849124127845
64.411,227,-0.28282467,-1.8888843,0.48566303,0.6119381,-0.0029061981,-0.004457575,-0.7908877,-0.3677656650543213,-3.1576595306396484,0.3004607856273651,0.9233699331721639,0.0,0.0,0.0,4.2771849124127845
64.691,228,-0.28283945,-1.888652,0.48553765,0.6105736,-0.002865813,-0.004480014,-0.79194176,-0.3677656650543213,-3.1576595306396484,0.3004607856273651,0.9233699331721639,0.0,0.0,0.0,4.2771849124127845
64.984,229,-0.2828514,-1.8884175,0.48542142,0.60925394,-0.00283609,-0.0044984883,-0.7929574,-0.3677656650543213,-3.1576595306396484,0.3004607856273651,0.9233699331721639,0.0,0.0,0.0,4.2771849124127845
65.271,230,-0.28285998,-1.8881884,0.48530802,0.60797846,-0.002805346,-0.004524752,-0.79393566,-0.3677656650543213,-3.1576595306396484,0.3004607856273651,0.9233699331721639,0.0,0.0,0.0,4.2771849124127845
65.553,231,-0.28275338,-1.8876556,0.4866081,0.61635256,-0.0022103945,-0.0034031963,-0.78745997,-0.3677656650543213,-3.1576595306396484,0.3004607856273651,0.9233699331721639,0.0,0.0,0.0,4.2771849124127845
65.823,232,-0.28175524,-1.8845907,0.50026596,0.6618689,-0.001526549,0.00091719476,-0.7496175,-0.3677656650543213,-3.1576595306396484,0.3004607856273651,0.9233699331721639,0.0,0.0,0.0,4.2771849124127845
66.113,233,-0.27858445,-1.8893607,0.51211894,0.70712066,-0.0042329766,0.0014924962,-0.7070787,-0.3677656650543213,-3.1576595306396484,0.3004607856273651,0.9233699331721639,0.0,0.0,0.0,4.2771849124127845
66.393,234,-0.27259868,-1.8946246,0.51255625,0.7222742,5.105879e-06,-0.0035277396,-0.6915979,-0.3677656650543213,-3.1576595306396484,0.3004607856273651,0.9233699331721639,0.0,0.0,0.0,4.2771849124127845
66.673,235,-0.26752308,-1.8919027,0.5097096,0.7223136,-0.0009423426,-0.0034238712,-0.6915567,-0.3677656650543213,-3.1576595306396484,0.3004607856273651,0.9233699331721639,0.0,0.0,0.0,4.2771849124127845
66.956,236,-0.25725046,-1.8836113,0.5149305,0.71536785,-0.0016309961,0.0014368354,-0.6987446,-0.3677656650543213,-3.1576595306396484,0.3004607856273651,0.9233699331721639,0.0,0.0,0.0,4.2771849124127845
67.233,237,-0.24606514,-1.8721825,0.5162174,0.7133886,-0.009690036,-0.007506959,-0.7006614,-0.3677656650543213,-3.1576595306396484,0.3004607856273651,0.9233699331721639,0.0,0.0,0.0,4.2771849124127845
67.519,238,-0.24203616,-1.8628418,0.4984332,0.71298087,-0.0069273086,-0.010764738,-0.7010668,-0.3677656650543213,-3.1576595306396484,0.3004607856273651,0.9233699331721639,0.0,0.0,0.0,4.2771849124127845
67.805,239,-0.24118234,-1.8569229,0.487816,0.71087515,-0.004791691,-0.010703382,-0.7032205,-0.3677656650543213,-3.1576595306396484,0.3004607856273651,0.9233699331721639,0.0,0.0,0.0,4.2771849124127845
68.082,240,-0.24157307,-1.8548944,0.48382765,0.71074206,-0.0068758647,-0.01117368,-0.7033304,-0.3677656650543213,-3.1576595306396484,0.3004607856273651,0.9233699331721639,0.0,0.0,0.0,4.2771849124127845
68.365,241,-0.24238577,-1.8552086,0.4839008,0.7117242,-0.00883926,-0.0113941915,-0.70231104,-0.3677656650543213,-3.1576595306396484,0.3004607856273651,0.9233699331721639,0.0,0.0,0.0,4.2771849124127845
68.656,242,-0.24555583,-1.853444,0.4926767,0.7408288,-0.006898643,-0.0047299727,-0.6716419,-0.3677656650543213,-3.1576595306396484,0.3004607856273651,0.9233699331721639,0.0,0.0,0.0,4.2771849124127845
68.943,243,-0.25443622,-1.8507059,0.5060498,0.78829974,-0.0064404234,-0.005452396,-0.6152335,-0.3677656650543213,-3.1576595306396484,0.3004607856273651,0.9233699331721639,0.0,0.0,0.0,4.2771849124127845
69.254,244,-0.26393506,-1.850488,0.50671786,0.839933,-0.0069683674,-0.014456687,-0.5424529,-0.3677656650543213,-3.1576595306396484,0.3004607856273651,0.9233699331721639,0.0,0.0,0.0,4.2771849124127845
69.532,245,-0.27253932,-1.8479704,0.5015485,0.8862516,-0.010291207,-0.015554794,-0.46282858,-0.3677656650543213,-3.1576595306396484,0.3004607856273651,0.9233699331721639,0.0,0.0,0.0,4.2771849124127845
69.815,246,-0.2778731,-1.8409569,0.50653976,0.9278839,-0.006249883,-0.009321094,-0.37270036,-0.3677656650543213,-3.1576595306396484,0.3004607856273651,0.9233699331721639,0.0,0.0,0.0,4.2771849124127845
70.082,247,-0.28010553,-1.8301414,0.52262354,0.96073323,0.0052200854,-0.0031547383,-0.27740678,-0.3677656650543213,-3.1576595306396484,0.3004607856273651,0.9233699331721639,0.0,0.0,0.0,4.2771849124127845
70.362,248,-0.28188667,-1.8188145,0.52601826,0.9833416,0.0072428724,-0.0022571436,-0.18160902,-0.3677656650543213,-3.1576595306396484,0.3004607856273651,0.9233699331721639,0.0,0.0,0.0,4.2771849124127845
70.655,249,-0.28038463,-1.8126779,0.520052,0.99645185,0.0050650556,-0.010088521,-0.08340436,-0.3677656650543213,-3.1576595306396484,0.3004607856273651,0.9233699331721639,0.0,0.0,0.0,4.2771849124127845
70.935,250,-0.27738145,-1.8079772,0.51691383,0.99979115,0.00014868319,-0.013633198,0.01522508,-0.3677656650543213,-3.1576595306396484,0.3004607856273651,0.9233699331721639,0.0,0.0,0.0,4.2771849124127845
71.217,251,-0.27758124,-1.8031716,0.5088721,0.99309367,-0.005483307,-0.011409716,0.11663986,-0.3677656650543213,-3.1576595306396484,0.3004607856273651,0.9233699331721639,0.0,0.0,0.0,4.2771849124127845
71.520,252,-0.28416,-1.8033556,0.50887346,0.9766686,-0.0046908045,-0.009266233,0.21450081,-0.3677656650543213,-3.1576595306396484,0.3004607856273651,0.9233699331721639,0.0,0.0,0.0,4.2771849124127845
71.795,253,-0.294323,-1.8031074,0.5208187,0.9501976,0.004765645,-0.00087917934,0.31161058,-0.3677656650543213,-3.1576595306396484,0.3004607856273651,0.9233699331721639,0.0,0.0,0.0,4.2771849124127845
72.079,254,-0.30584997,-1.8017514,0.53153735,0.91412854,0.0054278187,0.00357689,0.4053723,-0.3677656650543213,-3.1576595306396484,0.3004607856273651,0.9233699331721639,0.0,0.0,0.0,4.2771849124127845
72.388,255,-0.31352815,-1.8002551,0.5244329,0.8697157,0.011405576,-0.0018369806,0.49341783,-0.3677656650543213,-3.1576595306396484,0.3004607856273651,0.9233699331721639,0.0,0.0,0.0,4.2771849124127845
72.781,256,-0.31743857,-1.7963787,0.51962876,0.8168103,0.008978416,-0.0087807635,0.57676965,-0.3677656650543213,-3.1576595306396484,0.3004607856273651,0.9233699331721639,0.0,0.0,0.0,4.2771849124127845
73.094,257,-0.3220762,-1.7924198,0.5146383,0.7538867,0.0070594153,-0.012470404,0.6568483,-0.3677656650543213,-3.1576595306396484,0.3004607856273651,0.9233699331721639,0.0,0.0,0.0,4.2771849124127845
73.385,258,-0.3255412,-1.7960896,0.50937486,0.685221,0.0020326392,-0.012816487,0.7282196,-0.3677656650543213,-3.1576595306396484,0.3004607856273651,0.9233699331721639,0.0,0.0,0.0,4.2771849124127845
73.690,259,-0.32835692,-1.80485,0.5156509,0.608742,0.004428467,-0.0029170187,0.79335046,-0.3677656650543213,-3.1576595306396484,0.3004607856273651,0.9233699331721639,0.0,0.0,0.0,4.2771849124127845
73.969,260,-0.33357823,-1.8159299,0.5306971,0.52585655,0.0044303928,0.00629706,0.85053843,-0.3677656650543213,-3.1576595306396484,0.3004607856273651,0.9233699331721639,0.0,0.0,0.0,4.2771849124127845
74.254,261,-0.33792675,-1.826284,0.5277661,0.4389455,0.008001526,0.0064514424,0.89845496,-0.3677656650543213,-3.1576595306396484,0.3004607856273651,0.9233699331721639,0.0,0.0,0.0,4.2771849124127845
74.548,262,-0.34322807,-1.8285176,0.5197974,0.34790507,0.013421215,0.0018425536,0.937432,-0.3677656650543213,-3.1576595306396484,0.3004607856273651,0.9233699331721639,0.0,0.0,0.0,4.2771849124127845
74.854,263,-0.35224104,-1.818742,0.5124532,0.25328082,0.01829762,-0.0019653367,0.9672178,-0.3677656650543213,-3.1576595306396484,0.3004607856273651,0.9233699331721639,0.0,0.0,0.0,4.2771849124127845
75.159,264,-0.3739349,-1.8054383,0.49770814,0.15638378,0.013865023,-0.008871079,0.98755926,-0.3677656650543213,-3.1576595306396484,0.3004607856273651,0.9233699331721639,0.0,0.0,0.0,4.2771849124127845
75.414,265,-0.4288121,-1.8108054,0.4949745,0.057052545,0.011484178,-0.012306776,0.9982293,-0.3677656650543213,-3.1576595306396484,0.3004607856273651,0.9233699331721639,0.0,0.0,0.0,4.2771849124127845
75.706,266,-0.52650845,-1.832179,0.5042022,-0.040449608,-0.0019258272,-0.015853532,0.99905396,-0.3677656650543213,-3.1576595306396484,0.3004607856273651,0.9233699331721639,0.0,0.0,0.0,4.2771849124127845
75.985,267,-0.64914995,-1.864853,0.49215397,-0.12830034,-0.0043035746,-0.00039058004,0.991726,-0.3677656650543213,-3.1576595306396484,0.3004607856273651,0.9233699331721639,0.0,0.0,0.0,4.2771849124127845
76.277,268,-0.7805562,-1.9190202,0.4854547,-0.21918803,0.010164543,0.0076808645,0.97559947,-0.3677656650543213,-3.1576595306396484,0.3004607856273651,0.9233699331721639,0.0,0.0,0.0,4.2771849124127845
76.556,269,-0.9255012,-2.009687,0.49536175,-0.3022837,0.0110488525,0.021355676,0.9529147,-0.3677656650543213,-3.1576595306396484,0.3004607856273651,0.9233699331721639,0.0,0.0,0.0,4.2771849124127845
76.827,270,-1.0585191,-2.1227798,0.49663022,-0.38572523,0.022247465,0.000578611,0.92234534,-0.3677656650543213,-3.1576595306396484,0.3004607856273651,0.9233699331721639,0.0,0.0,0.0,4.2771849124127845
77.103,271,-1.1710885,-2.2672482,0.49634475,-0.46716207,0.024028132,-0.0033693372,0.8838387,-0.3677656650543213,-3.1576595306396484,0.3004607856273651,0.9233699331721639,0.0,0.0,0.0,4.2771849124127845
77.379,272,-1.2733722,-2.4338455,0.48756897,-0.5350586,-0.0065683415,-0.010613708,0.8447228,-0.3677656650543213,-3.1576595306396484,0.3004607856273651,0.9233699331721639,0.0,0.0,0.0,4.2771849124127845
77.665,273,-1.346572,-2.5994608,0.4724227,-0.6059731,-0.00028242177,0.0059908824,0.79546267,-0.3677656650543213,-3.1576595306396484,0.3004607856273651,0.9233699331721639,0.0,0.0,0.0,4.2771849124127845
77.944,274,-1.3815576,-2.779936,0.48247093,-0.6635265,0.008914852,0.005801103,0.7480772,-0.3677656650543213,-3.1576595306396484,0.3004607856273651,0.9233699331721639,0.0,0.0,0.0,4.2771849124127845
78.244,275,-1.3950602,-2.9460983,0.49193743,-0.70626855,0.014786294,-0.0044321506,0.70777583,-0.3677656650543213,-3.1576595306396484,0.3004607856273651,0.9233699331721639,0.0,0.0,0.0,4.2771849124127845
78.548,276,-1.3968621,-3.0702698,0.49312204,-0.74521416,0.03304205,-0.0018890123,0.66600347,-0.3677656650543213,-3.1576595306396484,0.3004607856273651,0.9233699331721639,0.0,0.0,0.0,4.2771849124127845
78.834,277,-1.3875912,-3.154958,0.49338564,-0.7788121,0.053459328,-0.013221191,0.6248351,-0.3677656650543213,-3.1576595306396484,0.3004607856273651,0.9233699331721639,0.0,0.0,0.0,4.2771849124127845
79.100,278,-1.3784583,-3.2084699,0.4961929,-0.82658744,0.023514397,-0.006760599,0.56227624,-0.3677656650543213,-3.1576595306396484,0.3004607856273651,0.9233699331721639,0.0,0.0,0.0,4.2771849124127845
79.371,279,-1.362699,-3.2340868,0.5046947,-0.87681377,0.013486211,0.006480286,0.48059738,-0.3677656650543213,-3.1576595306396484,0.3004607856273651,0.9233699331721639,0.0,0.0,0.0,4.2771849124127845
79.655,280,-1.3505734,-3.246476,0.5056381,-0.9187872,0.013105086,0.009363232,0.39442474,-0.3677656650543213,-3.1576595306396484,0.3004607856273651,0.9233699331721639,0.0,0.0,0.0,4.2771849124127845
79.944,281,-1.3499141,-3.251841,0.51202345,-0.9533466,0.0064739147,0.0039389343,0.30178288,-0.3677656650543213,-3.1576595306396484,0.3004607856273651,0.9233699331721639,0.0,0.0,0.0,4.2771849124127845
80.243,282,-1.3529315,-3.255711,0.5271316,-0.9683898,-0.0022473435,-0.004525832,0.24939096,-0.3677656650543213,-3.1576595306396484,0.3004607856273651,0.9233699331721639,0.0,0.0,0.0,4.2771849124127845
80.529,283,-1.3558444,-3.2625973,0.53122324,-0.9701632,0.0053124516,-0.0045239227,0.24235252,-0.3677656650543213,-3.1576595306396484,0.3004607856273651,0.9233699331721639,0.0,0.0,0.0,4.2771849124127845
80.815,284,-1.359214,-3.2668748,0.53058743,-0.97825885,0.005356947,-0.005516054,0.20724538,-0.3677656650543213,-3.1576595306396484,0.3004607856273651,0.9233699331721639,0.0,0.0,0.0,4.2771849124127845
81.096,285,-1.3547883,-3.270657,0.53161705,-0.990758,-0.0008288013,0.0058531305,0.135513,-0.3677656650543213,-3.1576595306396484,0.3004607856273651,0.9233699331721639,0.0,0.0,0.0,4.2771849124127845
81.376,286,-1.3465233,-3.2704163,0.5230947,-0.9990639,-0.0010140185,0.014442597,0.040765587,-0.3677656650543213,-3.1576595306396484,0.3004607856273651,0.9233699331721639,0.0,0.0,0.0,4.2771849124127845
81.650,287,-1.3460305,-3.2711504,0.50924623,-0.9985759,0.0061384565,0.010336568,-0.05197741,-0.3677656650543213,-3.1576595306396484,0.3004607856273651,0.9233699331721639,0.0,0.0,0.0,4.2771849124127845
81.940,288,-1.348141,-3.2725675,0.5086322,-0.9959562,0.0025939394,0.002007862,-0.08978077,-0.3677656650543213,-3.1576595306396484,0.3004607856273651,0.9233699331721639,0.0,0.0,0.0,4.2771849124127845
82.218,289,-1.3498524,-3.2738302,0.519319,-0.9961544,0.0062504634,-0.0020383475,-0.087368354,-0.3677656650543213,-3.1576595306396484,0.3004607856273651,0.9233699331721639,0.0,0.0,0.0,4.2771849124127845
82.488,290,-1.3537422,-3.277099,0.52935064,-0.99905777,0.0044330866,-0.002579248,-0.043097883,-0.3677656650543213,-3.1576595306396484,0.3004607856273651,0.9233699331721639,0.0,0.0,0.0,4.2771849124127845
82.773,291,-1.3585749,-3.2814465,0.53799826,-0.99996126,0.0066669546,-0.0042541437,-0.0038886424,-0.3677656650543213,-3.1576595306396484,0.3004607856273651,0.9233699331721639,0.0,0.0,0.0,4.2771849124127845
83.035,292,-1.3629535,-3.284273,0.54609704,-0.99998146,0.0024974246,0.0014729361,0.005368581,-0.3677656650543213,-3.1576595306396484,0.3004607856273651,0.9233699331721639,0.0,0.0,0.0,4.2771849124127845
83.297,293,-1.3744577,-3.2811713,0.53611416,-0.99988693,-0.0034211788,0.014516728,0.0019591162,-0.3677656650543213,-3.1576595306396484,0.3004607856273651,0.9233699331721639,0.0,0.0,0.0,4.2771849124127845
83.600,294,-1.3859652,-3.266287,0.5179304,-0.9999803,0.0010955913,0.0060552857,-0.0013113354,-0.3677656650543213,-3.1576595306396484,0.3004607856273651,0.9233699331721639,0.0,0.0,0.0,4.2771849124127845
83.882,295,-1.4000599,-3.2335713,0.5149025,-0.99995863,0.0026283523,0.005840259,-0.0064680288,-0.3677656650543213,-3.1576595306396484,0.3004607856273651,0.9233699331721639,0.0,0.0,0.0,4.2771849124127845
84.170,296,-1.4160122,-3.202934,0.5100436,-0.9999195,0.008809666,0.0073305364,-0.005455504,-0.3677656650543213,-3.1576595306396484,0.3004607856273651,0.9233699331721639,0.0,0.0,0.0,4.2771849124127845
84.438,297,-1.4264717,-3.1866584,0.5158771,-0.99996924,0.0036892043,0.0042685564,-0.0054526147,-0.3677656650543213,-3.1576595306396484,0.3004607856273651,0.9233699331721639,0.0,0.0,0.0,4.2771849124127845
84.715,298,-1.442083,-3.170531,0.5156255,-0.9999068,-0.0015222254,0.010198312,-0.008957676,-0.3677656650543213,-3.1576595306396484,0.3004607856273651,0.9233699331721639,0.0,0.0,0.0,4.2771849124127845
84.993,299,-1.459179,-3.1451325,0.5085087,-0.99992985,-0.00087810936,0.0047184373,-0.010834648,-0.3677656650543213,-3.1576595306396484,0.3004607856273651,0.9233699331721639,0.0,0.0,0.0,4.2771849124127845
85.287,300,-1.4796566,-3.104576,0.5069635,-0.9998399,0.0050587147,0.010395656,-0.013663175,-0.3677656650543213,-3.1576595306396484,0.3004607856273651,0.9233699331721639,0.0,0.0,0.0,4.2771849124127845
85.551,301,-1.4946091,-3.0783463,0.50358826,-0.99986875,0.008405669,0.006949064,-0.011981262,-0.3677656650543213,-3.1576595306396484,0.3004607856273651,0.9233699331721639,0.0,0.0,0.0,4.2771849124127845
85.828,302,-1.4972255,-3.0666444,0.49768367,-0.9999191,0.0006791483,0.0100622,-0.007748565,-0.3677656650543213,-3.1576595306396484,0.3004607856273651,0.9233699331721639,0.0,0.0,0.0,4.2771849124127845
86.127,303,-1.4986856,-3.0592375,0.49434763,-0.99995214,-0.0050388635,0.006350762,-0.0054823724,-0.3677656650543213,-3.1576595306396484,0.3004607856273651,0.9233699331721639,0.0,0.0,0.0,4.2771849124127845
86.424,304,-1.4990597,-3.0541987,0.49463755,-0.9999561,-0.004904694,0.0076832864,-0.002177921,-0.3677656650543213,-3.1576595306396484,0.3004607856273651,0.9233699331721639,0.0,0.0,0.0,4.2771849124127845
86.697,305,-1.4989752,-3.0511472,0.49509874,-0.9999612,-0.0033361295,0.0080211945,0.0014918034,-0.3677656650543213,-3.1576595306396484,0.3004607856273651,0.9233699331721639,0.0,0.0,0.0,4.2771849124127845
87.003,306,-1.4986577,-3.0492983,0.49510533,-0.9999533,-0.0022524027,0.0079511395,0.0050048633,-0.3677656650543213,-3.1576595306396484,0.3004607856273651,0.9233699331721639,0.0,0.0,0.0,4.2771849124127845
87.262,307,-1.4983265,-3.04815,0.49489757,-0.99993414,-0.0016190782,0.007729127,0.008334704,-0.3677656650543213,-3.1576595306396484,0.3004607856273651,0.9233699331721639,0.0,0.0,0.0,4.2771849124127845
87.549,308,-1.4980743,-3.0474167,0.49468592,-0.9999046,-0.001239109,0.0075257393,0.011522962,-0.3677656650543213,-3.1576595306396484,0.3004607856273651,0.9233699331721639,0.0,0.0,0.0,4.2771849124127845
87.843,309,-1.4979177,-3.0469306,0.49451163,-0.99986595,-0.0010168538,0.0073672007,0.014591471,-0.3677656650543213,-3.1576595306396484,0.3004607856273651,0.9233699331721639,0.0,0.0,0.0,4.2771849124127845
88.135,310,-1.4978548,-3.0466006,0.494356,-0.99981946,-0.00090014946,0.0072483984,0.017541772,-0.3677656650543213,-3.1576595306396484,0.3004607856273651,0.9233699331721639,0.0,0.0,0.0,4.2771849124127845
88.412,311,-1.4978774,-3.046375,0.49419507,-0.9997663,-0.00081667106,0.0071529285,0.020384846,-0.3677656650543213,-3.1576595306396484,0.3004607856273651,0.9233699331721639,0.0,0.0,0.0,4.2771849124127845
88.689,312,-1.4979755,-3.0462167,0.4940328,-0.9997073,-0.00080108264,0.0070805633,0.023121344,-0.3677656650543213,-3.1576595306396484,0.3004607856273651,0.9233699331721639,0.0,0.0,0.0,4.2771849124127845
88.987,313,-1.4981279,-3.0461104,0.49385875,-0.9996434,-0.0008011692,0.007014249,0.025756342,-0.3677656650543213,-3.1576595306396484,0.3004607856273651,0.9233699331721639,0.0,0.0,0.0,4.2771849124127845
89.273,314,-1.4983218,-3.0460181,0.49368632,-0.9995747,-0.0007802869,0.006962903,0.028309349,-0.3677656650543213,-3.1576595306396484,0.3004607856273651,0.9233699331721639,0.0,0.0,0.0,4.2771849124127845
89.573,315,-1.498557,-3.0459373,0.4935251,-0.99950176,-0.00078440516,0.006931871,0.030782184,-0.3677656650543213,-3.1576595306396484,0.3004607856273651,0.9233699331721639,0.0,0.0,0.0,4.2771849124127845
89.877,316,-1.4988204,-3.0458696,0.4933608,-0.99942523,-0.00080884644,0.006901534,0.033181198,-0.3677656650543213,-3.1576595306396484,0.3004607856273651,0.9233699331721639,0.0,0.0,0.0,4.2771849124127845
90.150,317,-1.4991037,-3.0458076,0.4931906,-0.99934536,-0.00083081826,0.0068711005,0.03551196,-0.3677656650543213,-3.1576595306396484,0.3004607856273651,0.9233699331721639,0.0,0.0,0.0,4.2771849124127845
90.422,318,-1.4994075,-3.0457478,0.4930244,-0.9992623,-0.00085868814,0.006855834,0.037778176,-0.3677656650543213,-3.1576595306396484,0.3004607856273651,0.9233699331721639,0.0,0.0,0.0,4.2771849124127845
90.718,319,-1.499727,-3.045693,0.4928593,-0.99917644,-0.00088238,0.0068440707,0.039985344,-0.3677656650543213,-3.1576595306396484,0.3004607856273651,0.9233699331721639,0.0,0.0,0.0,4.2771849124127845
91.017,320,-1.5000523,-3.0456355,0.49269184,-0.999088,-0.00090748264,0.006833643,0.042140163,-0.3677656650543213,-3.1576595306396484,0.3004607856273651,0.9233699331721639,0.0,0.0,0.0,4.2771849124127845
91.295,321,-1.5003784,-3.0455844,0.49252737,-0.9989968,-0.00093622017,0.0068286736,0.044249106,-0.3677656650543213,-3.1576595306396484,0.3004607856273651,0.9233699331721639,0.0,0.0,0.0,4.2771849124127845
91.595,322,-1.5007025,-3.0455308,0.49236375,-0.998903,-0.0009603689,0.006822167,0.046318542,-0.3677656650543213,-3.1576595306396484,0.3004607856273651,0.9233699331721639,0.0,0.0,0.0,4.2771849124127845
91.889,323,-1.5010264,-3.0454795,0.49219772,-0.9988069,-0.0009891405,0.006821043,0.048345756,-0.3677656650543213,-3.1576595306396484,0.3004607856273651,0.9233699331721639,0.0,0.0,0.0,4.2771849124127845
92.159,324,-1.5013508,-3.0454218,0.49203268,-0.99870867,-0.001017883,0.0068142423,0.05033511,-0.3677656650543213,-3.1576595306396484,0.3004607856273651,0.9233699331721639,0.0,0.0,0.0,4.2771849124127845
92.450,325,-1.5016773,-3.0453703,0.49186957,-0.9986082,-0.0010462909,0.0068096784,0.052290887,-0.3677656650543213,-3.1576595306396484,0.3004607856273651,0.9233699331721639,0.0,0.0,0.0,4.2771849124127845
92.732,326,-1.5020036,-3.0453055,0.49170086,-0.9985053,-0.0010615604,0.0068045594,0.054220114,-0.3677656650543213,-3.1576595306396484,0.3004607856273651,0.9233699331721639,0.0,0.0,0.0,4.2771849124127845
93.002,327,-1.5023272,-3.0452356,0.49153423,-0.9984003,-0.0010851148,0.0068001165,0.056121618,-0.3677656650543213,-3.1576595306396484,0.3004607856273651,0.9233699331721639,0.0,0.0,0.0,4.2771849124127845
93.267,328,-1.5026497,-3.0451615,0.4913721,-0.99829274,-0.0011259122,0.0067959414,0.05800159,-0.3677656650543213,-3.1576595306396484,0.3004607856273651,0.9233699331721639,0.0,0.0,0.0,4.2771849124127845
93.559,329,-1.5029734,-3.0450954,0.4912071,-0.9981831,-0.0011446775,0.006790924,0.059860785,-0.3677656650543213,-3.1576595306396484,0.3004607856273651,0.9233699331721639,0.0,0.0,0.0,4.2771849124127845
93.860,330,-1.5032961,-3.045021,0.49104273,-0.9980709,-0.0011629737,0.0067953262,0.061701924,-0.3677656650543213,-3.1576595306396484,0.3004607856273651,0.9233699331721639,0.0,0.0,0.0,4.2771849124127845
94.135,331,-1.5036148,-3.0449426,0.4908746,-0.99795634,-0.001185846,0.0067882747,0.063527875,-0.3677656650543213,-3.1576595306396484,0.3004607856273651,0.9233699331721639,0.0,0.0,0.0,4.2771849124127845
94.400,332,-1.5039347,-3.0448647,0.4907067,-0.99783933,-0.0012073494,0.006790235,0.06533945,-0.3677656650543213,-3.1576595306396484,0.3004607856273651,0.9233699331721639,0.0,0.0,0.0,4.2771849124127845
94.659,333,-1.5042528,-3.0447843,0.49053612,-0.9977197,-0.0012309614,0.00678527,0.06714083,-0.3677656650543213,-3.1576595306396484,0.3004607856273651,0.9233699331721639,0.0,0.0,0.0,4.2771849124127845
94.968,334,-1.5045698,-3.0446942,0.49036437,-0.9975974,-0.0012477272,0.0067822034,0.068933785,-0.3677656650543213,-3.1576595306396484,0.3004607856273651,0.9233699331721639,0.0,0.0,0.0,4.2771849124127845
95.269,335,-1.5048863,-3.0446048,0.49019498,-0.99747235,-0.001267062,0.0067814323,0.070720434,-0.3677656650543213,-3.1576595306396484,0.3004607856273651,0.9233699331721639,0.0,0.0,0.0,4.2771849124127845
95.544,336,-1.5052096,-3.0445132,0.49002624,-0.9973449,-0.0012878481,0.006782196,0.07249571,-0.3677656650543213,-3.1576595306396484,0.3004607856273651,0.9233699331721639,0.0,0.0,0.0,4.2771849124127845
95.825,337,-1.5055294,-3.0444226,0.48984993,-0.9972146,-0.0013119824,0.006786117,0.074265495,-0.3677656650543213,-3.1576595306396484,0.3004607856273651,0.9233699331721639,0.0,0.0,0.0,4.2771849124127845
96.106,338,-1.5058497,-3.0443397,0.48967534,-0.99708146,-0.0013246418,0.0067869225,0.07603204,-0.3677656650543213,-3.1576595306396484,0.3004607856273651,0.9233699331721639,0.0,0.0,0.0,4.2771849124127845
96.397,339,-1.5061736,-3.0442517,0.48950645,-0.99694496,-0.001339549,0.0067890473,0.077800706,-0.3677656650543213,-3.1576595306396484,0.3004607856273651,0.9233699331721639,0.0,0.0,0.0,4.2771849124127845
96.673,340,-1.5064982,-3.0441616,0.489336,-0.9968055,-0.001359052,0.0067960303,0.07956648,-0.3677656650543213,-3.1576595306396484,0.3004607856273651,0.9233699331721639,0.0,0.0,0.0,4.2771849124127845
96.943,341,-1.5068243,-3.0440645,0.48916337,-0.9966634,-0.0013824347,0.006800216,0.08132622,-0.3677656650543213,-3.1576595306396484,0.3004607856273651,0.9233699331721639,0.0,0.0,0.0,4.2771849124127845
97.214,342,-1.507151,-3.0439646,0.48898724,-0.9965183,-0.0013791171,0.006804081,0.083085015,-0.3677656650543213,-3.1576595306396484,0.3004607856273651,0.9233699331721639,0.0,0.0,0.0,4.2771849124127845
97.481,343,-1.5074785,-3.0438669,0.48881078,-0.9963699,-0.0013934699,0.0068093813,0.08484631,-0.3677656650543213,-3.1576595306396484,0.3004607856273651,0.9233699331721639,0.0,0.0,0.0,4.2771849124127845
97.750,344,-1.5078139,-3.0437725,0.48863807,-0.99621814,-0.0014094517,0.0068188715,0.08660826,-0.3677656650543213,-3.1576595306396484,0.3004607856273651,0.9233699331721639,0.0,0.0,0.0,4.2771849124127845
98.035,345,-1.5081555,-3.0436795,0.4884647,-0.9960634,-0.0014315125,0.006829714,0.08836838,-0.3677656650543213,-3.1576595306396484,0.3004607856273651,0.9233699331721639,0.0,0.0,0.0,4.2771849124127845
98.326,346,-1.5085078,-3.0435908,0.48829305,-0.9959051,-0.0014500618,0.006849718,0.09013407,-0.3677656650543213,-3.1576595306396484,0.3004607856273651,0.9233699331721639,0.0,0.0,0.0,4.2771849124127845
98.617,347,-1.508872,-3.0434914,0.48812115,-0.9957436,-0.0014735605,0.006860909,0.09190029,-0.3677656650543213,-3.1576595306396484,0.3004607856273651,0.9233699331721639,0.0,0.0,0.0,4.2771849124127845
98.879,348,-1.5092506,-3.0433989,0.4879439,-0.99557817,-0.0014882137,0.0068768975,0.09367321,-0.3677656650543213,-3.1576595306396484,0.3004607856273651,0.9233699331721639,0.0,0.0,0.0,4.2771849124127845
99.145,349,-1.5096374,-3.0433023,0.48777062,-0.9954082,-0.0015069142,0.0068978234,0.09546076,-0.3677656650543213,-3.1576595306396484,0.3004607856273651,0.9233699331721639,0.0,0.0,0.0,4.2771849124127845
99.433,350,-1.5100366,-3.0431864,0.48759237,-0.99523413,-0.0015194593,0.006917919,0.097256735,-0.3677656650543213,-3.1576595306396484,0.3004607856273651,0.9233699331721639,0.0,0.0,0.0,4.2771849124127845
99.706,351,-1.5104446,-3.043072,0.48741186,-0.99505544,-0.0015187833,0.006937558,0.09906797,-0.3677656650543213,-3.1576595306396484,0.3004607856273651,0.9233699331721639,0.0,0.0,0.0,4.2771849124127845
99.967,352,-1.5108668,-3.0429442,0.4872352,-0.99487257,-0.0015283431,0.0069661904,0.10088542,-0.3677656650543213,-3.1576595306396484,0.3004607856273651,0.9233699331721639,0.0,0.0,0.0,4.2771849124127845
100.241,353,-1.5112901,-3.0428164,0.48705503,-0.9946847,-0.0015261977,0.0069920863,0.10271948,-0.3677656650543213,-3.1576595306396484,0.3004607856273651,0.9233699331721639,0.0,0.0,0.0,4.2771849124127845
100.532,354,-1.5117173,-3.0426774,0.48687637,-0.9944917,-0.0015156636,0.007023896,0.10456951,-0.3677656650543213,-3.1576595306396484,0.3004607856273651,0.9233699331721639,0.0,0.0,0.0,4.2771849124127845
100.792,355,-1.5121437,-3.042529,0.48669764,-0.9942932,-0.0015096051,0.0070619863,0.10643716,-0.3677656650543213,-3.1576595306396484,0.3004607856273651,0.9233699331721639,0.0,0.0,0.0,4.2771849124127845
101.075,356,-1.5125856,-3.0423787,0.4865214,-0.9940897,-0.0015002846,0.0071000694,0.10831931,-0.3677656650543213,-3.1576595306396484,0.3004607856273651,0.9233699331721639,0.0,0.0,0.0,4.2771849124127845
101.342,357,-1.5130422,-3.0422235,0.48634198,-0.9938804,-0.0014769695,0.007134133,0.1102209,-0.3677656650543213,-3.1576595306396484,0.3004607856273651,0.9233699331721639,0.0,0.0,0.0,4.2771849124127845
101.629,358,-1.513518,-3.04205,0.48616362,-0.99366415,-0.0014522823,0.007176596,0.11215152,-0.3677656650543213,-3.1576595306396484,0.3004607856273651,0.9233699331721639,0.0,0.0,0.0,4.2771849124127845
101.903,359,-1.5140104,-3.041866,0.48598185,-0.9934423,-0.0014319072,0.0072236233,0.11409791,-0.3677656650543213,-3.1576595306396484,0.3004607856273651,0.9233699331721639,0.0,0.0,0.0,4.2771849124127845
102.180,360,-1.5145171,-3.0416744,0.4857973,-0.99321437,-0.0014056482,0.0072679548,0.116062686,-0.3677656650543213,-3.1576595306396484,0.3004607856273651,0.9233699331721639,0.0,0.0,0.0,4.2771849124127845
102.491,361,-1.5150357,-3.04147,0.48560557,-0.99297917,-0.0013721485,0.007319585,0.11805491,-0.3677656650543213,-3.1576595306396484,0.3004607856273651,0.9233699331721639,0.0,0.0,0.0,4.2771849124127845
102.778,362,-1.5155551,-3.0412602,0.48541307,-0.9927367,-0.0013417975,0.0073741083,0.12007337,-0.3677656650543213,-3.1576595306396484,0.3004607856273651,0.9233699331721639,0.0,0.0,0.0,4.2771849124127845
103.082,363,-1.5160815,-3.0410416,0.48522776,-0.9924866,-0.0012972236,0.0074261534,0.12212123,-0.3677656650543213,-3.1576595306396484,0.3004607856273651,0.9233699331721639,0.0,0.0,0.0,4.2771849124127845
103.384,364,-1.5166254,-3.0408118,0.48504162,-0.99222857,-0.0012572716,0.0074885706,0.12419752,-0.3677656650543213,-3.1576595306396484,0.3004607856273651,0.9233699331721639,0.0,0.0,0.0,4.2771849124127845
103.660,365,-1.5171984,-3.0405726,0.48484924,-0.9919608,-0.0012023322,0.0075473045,0.12631498,-0.3677656650543213,-3.1576595306396484,0.3004607856273651,0.9233699331721639,0.0,0.0,0.0,4.2771849124127845
103.917,366,-1.5177941,-3.040311,0.4846498,-0.99168473,-0.0011508078,0.0075972774,0.12846161,-0.3677656650543213,-3.1576595306396484,0.3004607856273651,0.9233699331721639,0.0,0.0,0.0,4.2771849124127845
104.189,367,-1.5184128,-3.04003,0.48444793,-0.9913992,-0.0010848929,0.007661926,0.13064383,-0.3677656650543213,-3.1576595306396484,0.3004607856273651,0.9233699331721639,0.0,0.0,0.0,4.2771849124127845
104.489,368,-1.5190437,-3.0397427,0.48423997,-0.99110514,-0.0010483692,0.0077283033,0.13285293,-0.3677656650543213,-3.1576595306396484,0.3004607856273651,0.9233699331721639,0.0,0.0,0.0,4.2771849124127845
104.775,369,-1.5196828,-3.0394523,0.4840247,-0.9908017,-0.0009844385,0.0077951807,0.13509415,-0.3677656650543213,-3.1576595306396484,0.3004607856273651,0.9233699331721639,0.0,0.0,0.0,4.2771849124127845
105.050,370,-1.5203385,-3.0391438,0.48381314,-0.9904867,-0.00091175106,0.007876074,0.13738039,-0.3677656650543213,-3.1576595306396484,0.3004607856273651,0.9233699331721639,0.0,0.0,0.0,4.2771849124127845
105.323,371,-1.5210286,-3.038819,0.48360825,-0.99016017,-0.00082377176,0.007961149,0.13971046,-0.3677656650543213,-3.1576595306396484,0.3004607856273651,0.9233699331721639,0.0,0.0,0.0,4.2771849124127845
105.590,372,-1.5217454,-3.0384738,0.4833988,-0.989822,-0.0007309513,0.00805855,0.14208135,-0.3677656650543213,-3.1576595306396484,0.3004607856273651,0.9233699331721639,0.0,0.0,0.0,4.2771849124127845
105.873,373,-1.5224859,-3.0381021,0.48318255,-0.9894703,-0.0006246484,0.008158798,0.14450507,-0.3677656650543213,-3.1576595306396484,0.3004607856273651,0.9233699331721639,0.0,0.0,0.0,4.2771849124127845
106.145,374,-1.5232565,-3.0377083,0.48296884,-0.98910403,-0.0005042477,0.008268593,0.14698525,-0.3677656650543213,-3.1576595306396484,0.3004607856273651,0.9233699331721639,0.0,0.0,0.0,4.2771849124127845
106.425,375,-1.5240604,-3.037294,0.48275116,-0.9887239,-0.00038829035,0.008392803,0.14951412,-0.3677656650543213,-3.1576595306396484,0.3004607856273651,0.9233699331721639,0.0,0.0,0.0,4.2771849124127845
106.707,376,-1.5248817,-3.0368583,0.4825222,-0.98832786,-0.0002488187,0.008518013,0.15210305,-0.3677656650543213,-3.1576595306396484,0.3004607856273651,0.9233699331721639,0.0,0.0,0.0,4.2771849124127845
106.985,377,-1.5257373,-3.0364072,0.48229167,-0.9879158,-0.000115828974,0.008654635,0.15474972,-0.3677656650543213,-3.1576595306396484,0.3004607856273651,0.9233699331721639,0.0,0.0,0.0,4.2771849124127845
107.247,378,-1.5266395,-3.03593,0.48206422,-0.98748606,3.090756e-05,0.008800808,0.15746091,-0.3677656650543213,-3.1576595306396484,0.3004607856273651,0.9233699331721639,0.0,0.0,0.0,4.2771849124127845
107.565,379,-1.5275633,-3.035444,0.48182225,-0.9870398,0.00016778166,0.008959767,0.16022566,-0.3677656650543213,-3.1576595306396484,0.3004607856273651,0.9233699331721639,0.0,0.0,0.0,4.2771849124127845
107.871,380,-1.5285242,-3.0349507,0.48158383,-0.98657244,0.00032843815,0.009133365,0.16306895,-0.3677656650543213,-3.1576595306396484,0.3004607856273651,0.9233699331721639,0.0,0.0,0.0,4.2771849124127845
108.133,381,-1.5295236,-3.0344346,0.48134926,-0.9860838,0.00050793384,0.009313608,0.16598687,-0.3677656650543213,-3.1576595306396484,0.3004607856273651,0.9233699331721639,0.0,0.0,0.0,4.2771849124127845
108.425,382,-1.5305576,-3.033884,0.4811105,-0.9855704,0.00071954593,0.009502715,0.16899788,-0.3677656650543213,-3.1576595306396484,0.3004607856273651,0.9233699331721639,0.0,0.0,0.0,4.2771849124127845
108.697,383,-1.5316404,-3.0332973,0.4808701,-0.9850346,0.0009386713,0.009715258,0.17208065,-0.3677656650543213,-3.1576595306396484,0.3004607856273651,0.9233699331721639,0.0,0.0,0.0,4.2771849124127845
108.966,384,-1.5327705,-3.0326784,0.48063266,-0.9844748,0.0011776862,0.009942914,0.17524031,-0.3677656650543213,-3.1576595306396484,0.3004607856273651,0.9233699331721639,0.0,0.0,0.0,4.2771849124127845
109.240,385,-1.533951,-3.0320299,0.4804028,-0.9838926,0.0014358643,0.010187571,0.17846422,-0.3677656650543213,-3.1576595306396484,0.3004607856273651,0.9233699331721639,0.0,0.0,0.0,4.2771849124127845
109.507,386,-1.5351701,-3.0313532,0.48017165,-0.9832878,0.0016799775,0.0104487315,0.18175054,-0.3677656650543213,-3.1576595306396484,0.3004607856273651,0.9233699331721639,0.0,0.0,0.0,4.2771849124127845
109.786,387,-1.5364256,-3.0306697,0.47994214,-0.98266125,0.001955429,0.010714967,0.18509007,-0.3677656650543213,-3.1576595306396484,0.3004607856273651,0.9233699331721639,0.0,0.0,0.0,4.2771849124127845
110.069,388,-1.537723,-3.0299613,0.47972342,-0.9820086,0.002272176,0.010999762,0.18850194,-0.3677656650543213,-3.1576595306396484,0.3004607856273651,0.9233699331721639,0.0,0.0,0.0,4.2771849124127845
110.354,389,-1.539057,-3.0292249,0.47951525,-0.9813347,0.0025808432,0.011293464,0.19195876,-0.3677656650543213,-3.1576595306396484,0.3004607856273651,0.9233699331721639,0.0,0.0,0.0,4.2771849124127845
110.622,390,-1.5404366,-3.02846,0.47932735,-0.9806423,0.0028951035,0.011599741,0.19544248,-0.3677656650543213,-3.1576595306396484,0.3004607856273651,0.9233699331721639,0.0,0.0,0.0,4.2771849124127845
110.917,391,-1.5418462,-3.0276704,0.47915787,-0.9799365,0.0031922208,0.011921212,0.19892754,-0.3677656650543213,-3.1576595306396484,0.3004607856273651,0.9233699331721639,0.0,0.0,0.0,4.2771849124127845
111.344,392,-1.5432866,-3.0268667,0.4790136,-0.979223,0.003467027,0.012250782,0.20238669,-0.3677656650543213,-3.1576595306396484,0.3004607856273651,0.9233699331721639,0.0,0.0,0.0,4.2771849124127845
111.661,393,-1.5447584,-3.0260546,0.47889343,-0.97850835,0.0037191738,0.012595521,0.20578866,-0.3677656650543213,-3.1576595306396484,0.3004607856273651,0.9233699331721639,0.0,0.0,0.0,4.2771849124127845
111.968,394,-1.5462501,-3.0252366,0.4787877,-0.9777976,0.003950126,0.012948884,0.2091139,-0.3677656650543213,-3.1576595306396484,0.3004607856273651,0.9233699331721639,0.0,0.0,0.0,4.2771849124127845
112.254,395,-1.54776,-3.0244238,0.47870454,-0.9770976,0.0041455217,0.013307113,0.21233492,-0.3677656650543213,-3.1576595306396484,0.3004607856273651,0.9233699331721639,0.0,0.0,0.0,4.2771849124127845
112.597,396,-1.5492897,-3.0236256,0.47865295,-0.9764152,0.0043118084,0.013678408,0.2154246,-0.3677656650543213,-3.1576595306396484,0.3004607856273651,0.9233699331721639,0.0,0.0,0.0,4.2771849124127845
112.875,397,-1.550831,-3.022842,0.47863114,-0.9757549,0.0044405614,0.014061885,0.21836857,-0.3677656650543213,-3.1576595306396484,0.3004607856273651,0.9233699331721639,0.0,0.0,0.0,4.2771849124127845
113.220,398,-1.5523881,-3.0220869,0.47863713,-0.97512096,0.0045547998,0.014445056,0.22115554,-0.3677656650543213,-3.1576595306396484,0.3004607856273651,0.9233699331721639,0.0,0.0,0.0,4.2771849124127845
113.609,399,-1.5539505,-3.0213544,0.47866425,-0.97451574,0.004641213,0.014824351,0.22378062,-0.3677656650543213,-3.1576595306396484,0.3004607856273651,0.9233699331721639,0.0,0.0,0.0,4.2771849124127845
113.944,400,-1.5555023,-3.0206401,0.47871205,-0.9739422,0.0047171977,0.0152114,0.22623686,-0.3677656650543213,-3.1576595306396484,0.3004607856273651,0.9233699331721639,0.0,0.0,0.0,4.2771849124127845
114.298,401,-1.5570474,-3.0199478,0.47878465,-0.97340405,0.0047912095,0.015581701,0.22851458,-0.3677656650543213,-3.1576595306396484,0.3004607856273651,0.9233699331721639,0.0,0.0,0.0,4.2771849124127845
114.704,402,-1.5585818,-3.0192654,0.4788713,-0.97290117,0.004879441,0.015971426,0.23061742,-0.3677656650543213,-3.1576595306396484,0.3004607856273651,0.9233699331721639,0.0,0.0,0.0,4.2771849124127845
115.002,403,-1.5600921,-3.0185866,0.47897524,-0.9724332,0.004992995,0.016346453,0.23255426,-0.3677656650543213,-3.1576595306396484,0.3004607856273651,0.9233699331721639,0.0,0.0,0.0,4.2771849124127845
115.319,404,-1.5615563,-3.0179167,0.47908017,-0.97200346,0.005091902,0.016718231,0.23431566,-0.3677656650543213,-3.1576595306396484,0.3004607856273651,0.9233699331721639,0.0,0.0,0.0,4.2771849124127845
115.585,405,-1.5629838,-3.0172482,0.47919282,-0.9716141,0.005222071,0.017085021,0.23589584,-0.3677656650543213,-3.1576595306396484,0.3004607856273651,0.9233699331721639,0.0,0.0,0.0,4.2771849124127845
115.851,406,-1.5643723,-3.0165858,0.47931117,-0.97126573,0.0053359233,0.01743195,0.23729843,-0.3677656650543213,-3.1576595306396484,0.3004607856273651,0.9233699331721639,0.0,0.0,0.0,4.2771849124127845
116.141,407,-1.5657074,-3.015941,0.4794328,-0.97095984,0.0054488354,0.017770465,0.23851947,-0.3677656650543213,-3.1576595306396484,0.3004607856273651,0.9233699331721639,0.0,0.0,0.0,4.2771849124127845
116.388,408,-1.566975,-3.0153086,0.47954962,-0.970693,0.0055754217,0.018075678,0.23957726,-0.3677656650543213,-3.1576595306396484,0.3004607856273651,0.9233699331721639,0.0,0.0,0.0,4.2771849124127845
116.694,409,-1.5681742,-3.0147038,0.479659,-0.9704662,0.005693981,0.018362824,0.24046986,-0.3677656650543213,-3.1576595306396484,0.3004607856273651,0.9233699331721639,0.0,0.0,0.0,4.2771849124127845
116.976,410,-1.5692948,-3.014131,0.47975013,-0.9702745,0.005789043,0.018626643,0.24121997,-0.3677656650543213,-3.1576595306396484,0.3004607856273651,0.9233699331721639,0.0,0.0,0.0,4.2771849124127845
117.242,411,-1.5703297,-3.0136006,0.47982174,-0.970117,0.0058836504,0.018869568,0.24183124,-0.3677656650543213,-3.1576595306396484,0.3004607856273651,0.9233699331721639,0.0,0.0,0.0,4.2771849124127845
117.513,412,-1.5712761,-3.0131147,0.4798801,-0.96999097,0.005976669,0.019080475,0.24231747,-0.3677656650543213,-3.1576595306396484,0.3004607856273651,0.9233699331721639,0.0,0.0,0.0,4.2771849124127845
117.808,413,-1.5721458,-3.0126693,0.47993207,-0.9698905,0.006089103,0.019282572,0.24270095,-0.3677656650543213,-3.1576595306396484,0.3004607856273651,0.9233699331721639,0.0,0.0,0.0,4.2771849124127845
118.078,414,-1.572943,-3.0122545,0.47998464,-0.96981305,0.0061858585,0.019457769,0.24299325,-0.3677656650543213,-3.1576595306396484,0.3004607856273651,0.9233699331721639,0.0,0.0,0.0,4.2771849124127845
118.372,415,-1.5736504,-3.011882,0.48002005,-0.9697562,0.0062527666,0.019609598,0.24320616,-0.3677656650543213,-3.1576595306396484,0.3004607856273651,0.9233699331721639,0.0,0.0,0.0,4.2771849124127845
118.640,416,-1.5742743,-3.0115566,0.48003793,-0.9697165,0.0063138674,0.01973952,0.24335249,-0.3677656650543213,-3.1576595306396484,0.3004607856273651,0.9233699331721639,0.0,0.0,0.0,4.2771849124127845
118.998,417,-1.5748268,-3.011279,0.4800551,-0.96969396,0.00636765,0.019850494,0.2434321,-0.3677656650543213,-3.1576595306396484,0.3004607856273651,0.9233699331721639,0.0,0.0,0.0,4.2771849124127845
119.427,418,-1.5753223,-3.011028,0.48007157,-0.9696795,0.006449866,0.019953974,0.2434791,-0.3677656650543213,-3.1576595306396484,0.3004607856273651,0.9233699331721639,0.0,0.0,0.0,4.2771849124127845
119.746,419,-1.5757555,-3.0108042,0.4800855,-0.9696747,0.0065008,0.020038484,0.24348983,-0.3677656650543213,-3.1576595306396484,0.3004607856273651,0.9233699331721639,0.0,0.0,0.0,4.2771849124127845
120.029,420,-1.5761305,-3.0106108,0.48009092,-0.9696772,0.0065389117,0.020111894,0.24347258,-0.3677656650543213,-3.1576595306396484,0.3004607856273651,0.9233699331721639,0.0,0.0,0.0,4.2771849124127845
120.320,421,-1.5764502,-3.010449,0.48008883,-0.9696821,0.0065775653,0.020170132,0.24344721,-0.3677656650543213,-3.1576595306396484,0.3004607856273651,0.9233699331721639,0.0,0.0,0.0,4.2771849124127845
120.646,422,-1.5767171,-3.0103104,0.48008287,-0.96969223,0.006613244,0.02021616,0.2434024,-0.3677656650543213,-3.1576595306396484,0.3004607856273651,0.9233699331721639,0.0,0.0,0.0,4.2771849124127845
120.922,423,-1.5769273,-3.010203,0.48007017,-0.96970505,0.006639619,0.02025569,0.24334712,-0.3677656650543213,-3.1576595306396484,0.3004607856273651,0.9233699331721639,0.0,0.0,0.0,4.2771849124127845
121.194,424,-1.5771023,-3.010123,0.48006308,-0.9697191,0.006673024,0.020291062,0.24328746,-0.3677656650543213,-3.1576595306396484,0.3004607856273651,0.9233699331721639,0.0,0.0,0.0,4.2771849124127845
121.496,425,-1.5772586,-3.0100496,0.48006618,-0.96973246,0.006699599,0.020323198,0.24323049,-0.3677656650543213,-3.1576595306396484,0.3004607856273651,0.9233699331721639,0.0,0.0,0.0,4.2771849124127845
121.790,426,-1.5774026,-3.0099852,0.48007628,-0.9697477,0.006712151,0.020341426,0.24316813,-0.3677656650543213,-3.1576595306396484,0.3004607856273651,0.9233699331721639,0.0,0.0,0.0,4.2771849124127845
122.117,427,-1.5775163,-3.009939,0.4800784,-0.969765,0.006717198,0.020366106,0.24309687,-0.3677656650543213,-3.1576595306396484,0.3004607856273651,0.9233699331721639,0.0,0.0,0.0,4.2771849124127845
122.448,428,-1.5775975,-3.0098963,0.4800707,-0.9697811,0.0067389477,0.020380251,0.243031,-0.3677656650543213,-3.1576595306396484,0.3004607856273651,0.9233699331721639,0.0,0.0,0.0,4.2771849124127845
122.786,429,-1.5776584,-3.0098693,0.48005784,-0.969796,0.006739843,0.020386904,0.24297072,-0.3677656650543213,-3.1576595306396484,0.3004607856273651,0.9233699331721639,0.0,0.0,0.0,4.2771849124127845
123.088,430,-1.5777053,-3.0098467,0.48004982,-0.96980995,0.006749133,0.020387005,0.2429146,-0.3677656650543213,-3.1576595306396484,0.3004607856273651,0.9233699331721639,0.0,0.0,0.0,4.2771849124127845
123.404,431,-1.5777406,-3.0098403,0.48004147,-0.9698244,0.0067392527,0.020391451,0.24285696,-0.3677656650543213,-3.1576595306396484,0.3004607856273651,0.9233699331721639,0.0,0.0,0.0,4.2771849124127845
123.721,432,-1.5777688,-3.009837,0.4800323,-0.969837,0.006736962,0.020396281,0.24280638,-0.3677656650543213,-3.1576595306396484,0.3004607856273651,0.9233699331721639,0.0,0.0,0.0,4.2771849124127845
124.009,433,-1.5777856,-3.0098424,0.48002678,-0.9698482,0.0067425324,0.02039499,0.24276164,-0.3677656650543213,-3.1576595306396484,0.3004607856273651,0.9233699331721639,0.0,0.0,0.0,4.2771849124127845
124.290,434,-1.57779,-3.0098555,0.48002437,-0.96985847,0.00673488,0.020398486,0.24272038,-0.3677656650543213,-3.1576595306396484,0.3004607856273651,0.9233699331721639,0.0,0.0,0.0,4.2771849124127845
124.566,435,-1.5777822,-3.009869,0.48001638,-0.9698668,0.0067310217,0.02039246,0.24268773,-0.3677656650543213,-3.1576595306396484,0.3004607856273651,0.9233699331721639,0.0,0.0,0.0,4.2771849124127845
124.845,436,-1.5777663,-3.009882,0.48000902,-0.96987337,0.006734132,0.020388499,0.24266167,-0.3677656650543213,-3.1576595306396484,0.3004607856273651,0.9233699331721639,0.0,0.0,0.0,4.2771849124127845
125.132,437,-1.5777463,-3.009894,0.48000267,-0.9698779,0.0067388834,0.02038294,0.24264373,-0.3677656650543213,-3.1576595306396484,0.3004607856273651,0.9233699331721639,0.0,0.0,0.0,4.2771849124127845
125.398,438,-1.5777278,-3.0099082,0.4800037,-0.9698824,0.0067312657,0.020377545,0.24262632,-0.3677656650543213,-3.1576595306396484,0.3004607856273651,0.9233699331721639,0.0,0.0,0.0,4.2771849124127845
125.692,439,-1.5777119,-3.0099204,0.48000738,-0.9698852,0.0067350483,0.020376066,0.24261563,-0.3677656650543213,-3.1576595306396484,0.3004607856273651,0.9233699331721639,0.0,0.0,0.0,4.2771849124127845
125.975,440,-1.5776957,-3.0099306,0.4800111,-0.96988755,0.006728426,0.020370832,0.2426065,-0.3677656650543213,-3.1576595306396484,0.3004607856273651,0.9233699331721639,0.0,0.0,0.0,4.2771849124127845
126.235,441,-1.5776839,-3.009942,0.48001024,-0.9698904,0.0067172726,0.020371217,0.24259561,-0.3677656650543213,-3.1576595306396484,0.3004607856273651,0.9233699331721639,0.0,0.0,0.0,4.2771849124127845
126.506,442,-1.5776732,-3.0099535,0.4800041,-0.96989113,0.0067223944,0.020369872,0.24259289,-0.3677656650543213,-3.1576595306396484,0.3004607856273651,0.9233699331721639,0.0,0.0,0.0,4.2771849124127845
126.775,443,-1.5776601,-3.0099604,0.4799982,-0.96989256,0.00672079,0.020363342,0.24258748,-0.3677656650543213,-3.1576595306396484,0.3004607856273651,0.9233699331721639,0.0,0.0,0.0,4.2771849124127845
127.126,444,-1.5776509,-3.0099604,0.48,-0.9698934,0.0067217313,0.020359954,0.24258408,-0.3677656650543213,-3.1576595306396484,0.3004607856273651,0.9233699331721639,0.0,0.0,0.0,4.2771849124127845
127.568,445,-1.5776428,-3.0099604,0.4800026,-0.96989375,0.006719365,0.020363072,0.24258287,-0.3677656650543213,-3.1576595306396484,0.3004607856273651,0.9233699331721639,0.0,0.0,0.0,4.2771849124127845
127.915,446,-1.5776372,-3.0099604,0.48000145,-0.9698935,0.0067207995,0.020366667,0.24258341,-0.3677656650543213,-3.1576595306396484,0.3004607856273651,0.9233699331721639,0.0,0.0,0.0,4.2771849124127845
128.205,447,-1.5776346,-3.0099611,0.47999832,-0.96989363,0.0067189937,0.02035967,0.24258368,-0.3677656650543213,-3.1576595306396484,0.3004607856273651,0.9233699331721639,0.0,0.0,0.0,4.2771849124127845
128.588,448,-1.5776322,-3.009967,0.47999775,-0.9698941,0.006711853,0.020356674,0.24258228,-0.3677656650543213,-3.1576595306396484,0.3004607856273651,0.9233699331721639,0.0,0.0,0.0,4.2771849124127845
128.931,449,-1.5776316,-3.0099683,0.47999978,-0.96989447,0.0067181736,0.020358298,0.24258031,-0.3677656650543213,-3.1576595306396484,0.3004607856273651,0.9233699331721639,0.0,0.0,0.0,4.2771849124127845
129.289,450,-1.5776249,-3.0099688,0.4799979,-0.96989447,0.006720828,0.020361004,0.24258007,-0.3677656650543213,-3.1576595306396484,0.3004607856273651,0.9233699331721639,0.0,0.0,0.0,4.2771849124127845
129.671,451,-1.5776117,-3.00997,0.4799962,-0.969894,0.0067171846,0.02035678,0.24258241,-0.3677656650543213,-3.1576595306396484,0.3004607856273651,0.9233699331721639,0.0,0.0,0.0,4.2771849124127845
130.023,452,-1.577606,-3.0099747,0.47999933,-0.9698952,0.0067165876,0.020354746,0.24257758,-0.3677656650543213,-3.1576595306396484,0.3004607856273651,0.9233699331721639,0.0,0.0,0.0,4.2771849124127845
130.416,453,-1.5776023,-3.0099814,0.47999778,-0.9698941,0.006722487,0.02035584,0.24258173,-0.3677656650543213,-3.1576595306396484,0.3004607856273651,0.9233699331721639,0.0,0.0,0.0,4.2771849124127845
130.720,454,-1.5776018,-3.0099838,0.47999564,-0.96989316,0.006706917,0.02035287,0.24258628,-0.3677656650543213,-3.1576595306396484,0.3004607856273651,0.9233699331721639,0.0,0.0,0.0,4.2771849124127845
131.083,455,-1.577601,-3.0099847,0.47999167,-0.9698923,0.006712092,0.020355467,0.2425891,-0.3677656650543213,-3.1576595306396484,0.3004607856273651,0.9233699331721639,0.0,0.0,0.0,4.2771849124127845
131.484,456,-1.5776012,-3.0099847,0.47999495,-0.96989363,0.0067005325,0.020353878,0.24258451,-0.3677656650543213,-3.1576595306396484,0.3004607856273651,0.9233699331721639,0.0,0.0,0.0,4.2771849124127845
131.809,457,-1.5776052,-3.0099885,0.48000196,-0.9698933,0.0067142993,0.0203482,0.24258582,-0.3677656650543213,-3.1576595306396484,0.3004607856273651,0.9233699331721639,0.0,0.0,0.0,4.2771849124127845
132.169,458,-1.57761,-3.009988,0.4800003,-0.9698922,0.0067091337,0.020352326,0.24258997,-0.3677656650543213,-3.1576595306396484,0.3004607856273651,0.9233699331721639,0.0,0.0,0.0,4.2771849124127845
132.532,459,-1.5776094,-3.009988,0.48,-0.96989244,0.0067004813,0.0203578,0.24258892,-0.3677656650543213,-3.1576595306396484,0.3004607856273651,0.9233699331721639,0.0,0.0,0.0,4.2771849124127845
132.887,460,-1.5776109,-3.0099883,0.47999978,-0.96989197,0.0067061987,0.02035792,0.24259083,-0.3677656650543213,-3.1576595306396484,0.3004607856273651,0.9233699331721639,0.0,0.0,0.0,4.2771849124127845
133.192,461,-1.57761,-3.0099893,0.47999838,-0.9698917,0.006716806,0.020354481,0.24259166,-0.3677656650543213,-3.1576595306396484,0.3004607856273651,0.9233699331721639,0.0,0.0,0.0,4.2771849124127845
133.558,462,-1.5776078,-3.0099893,0.48000023,-0.9698917,0.0067036515,0.020356823,0.24259177,-0.3677656650543213,-3.1576595306396484,0.3004607856273651,0.9233699331721639,0.0,0.0,0.0,4.2771849124127845
133.892,463,-1.5776116,-3.0099897,0.48000285,-0.9698915,0.006707949,0.02035394,0.24259284,-0.3677656650543213,-3.1576595306396484,0.3004607856273651,0.9233699331721639,0.0,0.0,0.0,4.2771849124127845
134.331,464,-1.5776209,-3.0099885,0.4800061,-0.9698921,0.006700829,0.020354854,0.24259047,-0.3677656650543213,-3.1576595306396484,0.3004607856273651,0.9233699331721639,0.0,0.0,0.0,4.2771849124127845
134.655,465,-1.5776278,-3.0099888,0.48000655,-0.9698921,0.0067085233,0.020357326,0.24259047,-0.3677656650543213,-3.1576595306396484,0.3004607856273651,0.9233699331721639,0.0,0.0,0.0,4.2771849124127845
135.048,466,-1.577628,-3.0099874,0.48000526,-0.9698927,0.00670981,0.020359538,0.2425876,-0.3677656650543213,-3.1576595306396484,0.3004607856273651,0.9233699331721639,0.0,0.0,0.0,4.2771849124127845
135.464,467,-1.5776285,-3.0099869,0.48000368,-0.9698917,0.0067127217,0.020360962,0.24259087,-0.3677656650543213,-3.1576595306396484,0.3004607856273651,0.9233699331721639,0.0,0.0,0.0,4.2771849124127845
135.820,468,-1.57763,-3.0099857,0.48000225,-0.9698909,0.0067085233,0.020357382,0.24259496,-0.3677656650543213,-3.1576595306396484,0.3004607856273651,0.9233699331721639,0.0,0.0,0.0,4.2771849124127845
136.154,469,-1.577632,-3.009978,0.47999883,-0.96988994,0.006710012,0.020361785,0.24259831,-0.3677656650543213,-3.1576595306396484,0.3004607856273651,0.9233699331721639,0.0,0.0,0.0,4.2771849124127845
136.493,470,-1.5776331,-3.0099742,0.4799967,-0.96988946,0.006713777,0.020359663,0.2426002,-0.3677656650543213,-3.1576595306396484,0.3004607856273651,0.9233699331721639,0.0,0.0,0.0,4.2771849124127845
136.861,471,-1.5776329,-3.0099728,0.47999716,-0.9698892,0.006710919,0.020356735,0.2426017,-0.3677656650543213,-3.1576595306396484,0.3004607856273651,0.9233699331721639,0.0,0.0,0.0,4.2771849124127845
137.207,472,-1.57764,-3.0099728,0.48000118,-0.96988994,0.006701878,0.020361755,0.24259864,-0.3677656650543213,-3.1576595306396484,0.3004607856273651,0.9233699331721639,0.0,0.0,0.0,4.2771849124127845
137.563,473,-1.5776429,-3.009972,0.4800057,-0.969891,0.0066994997,0.020360589,0.24259436,-0.3677656650543213,-3.1576595306396484,0.3004607856273651,0.9233699331721639,0.0,0.0,0.0,4.2771849124127845
137.925,474,-1.5776423,-3.009972,0.48000503,-0.9698917,0.0067079174,0.020356014,0.24259186,-0.3677656650543213,-3.1576595306396484,0.3004607856273651,0.9233699331721639,0.0,0.0,0.0,4.2771849124127845
138.244,475,-1.5776384,-3.009972,0.4800021,-0.9698917,0.0067037703,0.020359783,0.24259149,-0.3677656650543213,-3.1576595306396484,0.3004607856273651,0.9233699331721639,0.0,0.0,0.0,4.2771849124127845
138.570,476,-1.577634,-3.0099716,0.48000228,-0.9698927,0.0067084217,0.020359818,0.24258749,-0.3677656650543213,-3.1576595306396484,0.3004607856273651,0.9233699331721639,0.0,0.0,0.0,4.2771849124127845
138.889,477,-1.5776262,-3.0099714,0.48000163,-0.96989244,0.0067139925,0.020357784,0.24258843,-0.3677656650543213,-3.1576595306396484,0.3004607856273651,0.9233699331721639,0.0,0.0,0.0,4.2771849124127845
139.205,478,-1.577617,-3.0099728,0.48000118,-0.9698927,0.006702806,0.020355975,0.24258773,-0.3677656650543213,-3.1576595306396484,0.3004607856273651,0.9233699331721639,0.0,0.0,0.0,4.2771849124127845
139.513,479,-1.5776094,-3.009975,0.47999632,-0.9698923,0.0067205965,0.020354321,0.24258928,-0.3677656650543213,-3.1576595306396484,0.3004607856273651,0.9233699331721639,0.0,0.0,0.0,4.2771849124127845
139.862,480,-1.5776054,-3.0099757,0.47999358,-0.9698916,0.006709809,0.020354478,0.24259245,-0.3677656650543213,-3.1576595306396484,0.3004607856273651,0.9233699331721639,0.0,0.0,0.0,4.2771849124127845
140.195,481,-1.5776066,-3.0099754,0.47999522,-0.9698917,0.0067150597,0.020356035,0.24259149,-0.3677656650543213,-3.1576595306396484,0.3004607856273651,0.9233699331721639,0.0,0.0,0.0,4.2771849124127845
140.518,482,-1.5776109,-3.0099757,0.47999772,-0.9698916,0.0067084976,0.020356618,0.24259196,-0.3677656650543213,-3.1576595306396484,0.3004607856273651,0.9233699331721639,0.0,0.0,0.0,4.2771849124127845
140.839,483,-1.5776186,-3.009975,0.48000228,-0.96989185,0.0067154756,0.020353416,0.24259126,-0.3677656650543213,-3.1576595306396484,0.3004607856273651,0.9233699331721639,0.0,0.0,0.0,4.2771849124127845
141.150,484,-1.5776166,-3.009974,0.48000348,-0.9698923,0.00671223,0.020357136,0.24258901,-0.3677656650543213,-3.1576595306396484,0.3004607856273651,0.9233699331721639,0.0,0.0,0.0,4.2771849124127845
141.472,485,-1.5776124,-3.009974,0.4800079,-0.96989423,0.0067170733,0.02035893,0.24258137,-0.3677656650543213,-3.1576595306396484,0.3004607856273651,0.9233699331721639,0.0,0.0,0.0,4.2771849124127845
141.795,486,-1.5776035,-3.009986,0.4800066,-0.96989447,0.0067111375,0.020360136,0.24258022,-0.3677656650543213,-3.1576595306396484,0.3004607856273651,0.9233699331721639,0.0,0.0,0.0,4.2771849124127845
142.099,487,-1.5776035,-3.00999,0.48000476,-0.96989435,0.0067043975,0.020356782,0.24258114,-0.3677656650543213,-3.1576595306396484,0.3004607856273651,0.9233699331721639,0.0,0.0,0.0,4.2771849124127845
142.481,488,-1.5776043,-3.0099905,0.4800011,-0.96989363,0.0067119733,0.020353638,0.24258398,-0.3677656650543213,-3.1576595306396484,0.3004607856273651,0.9233699331721639,0.0,0.0,0.0,4.2771849124127845
260.438,489,-1.5776072,-3.0099907,0.47999907,-0.9698922,0.0067121615,0.020353718,0.24258998,-0.3677656650543213,-3.1576595306396484,0.3004607856273651,0.9233699331721639,0.0,0.0,0.0,4.2771849124127845
260.721,490,-1.5776143,-3.0099902,0.48000422,-0.9698933,0.006706876,0.020353526,0.24258599,-0.3677656650543213,-3.1576595306396484,0.3004607856273651,0.9233699331721639,0.0,0.0,0.0,4.2771849124127845
260.995,491,-1.5776185,-3.0099895,0.48000637,-0.9698928,0.0067118276,0.020355957,0.2425873,-0.3677656650543213,-3.1576595306396484,0.3004607856273651,0.9233699331721639,0.0,0.0,0.0,4.2771849124127845
261.258,492,-1.5776209,-3.0099895,0.48000407,-0.96989304,0.006703387,0.020357728,0.24258663,-0.3677656650543213,-3.1576595306396484,0.3004607856273651,0.9233699331721639,0.0,0.0,0.0,4.2771849124127845
